index,t_us,t_ms,adc,led,phase,pulse_index
0,21,0.021,0,0,steady,-1
1,4711,4.711,0,0,steady,-1
8,46737,46.737,0,0,steady,-1
9,57762,57.762,0,0,steady,-1
10,62259,62.259,0,0,steady,-1
11,66755,66.755,0,0,steady,-1
12,71256,71.256,0,0,steady,-1
13,77762,77.762,0,0,steady,-1
14,87762,87.762,0,0,steady,-1
15,92262,92.262,0,0,steady,-1
16,96769,96.769,0,0,steady,-1
17,101272,101.272,0,0,steady,-1
18,107763,107.763,0,0,steady,-1
19,117763,117.763,0,0,steady,-1
20,122276,122.276,0,0,steady,-1
21,126791,126.791,0,0,steady,-1
22,137762,137.762,0,0,steady,-1
23,142275,142.275,0,0,steady,-1
24,146795,146.795,0,0,steady,-1
25,157762,157.762,0,0,steady,-1
26,162285,162.285,0,0,steady,-1
27,166805,166.805,0,0,steady,-1
28,171331,171.331,0,0,steady,-1
29,177762,177.762,0,0,steady,-1
30,187762,187.762,0,0,steady,-1
31,193857,193.857,0,0,steady,-1
32,198403,198.403,0,0,steady,-1
33,202877,202.877,0,0,steady,-1
34,217762,217.762,0,0,steady,-1
35,222239,222.239,0,0,steady,-1
36,226718,226.718,0,0,steady,-1
37,231201,231.201,0,0,steady,-1
38,237762,237.762,0,0,steady,-1
39,247762,247.762,0,0,steady,-1
40,252247,252.247,0,0,steady,-1
41,256738,256.738,0,0,steady,-1
42,267765,267.765,0,0,steady,-1
43,272260,272.26,0,0,steady,-1
44,276755,276.755,0,0,steady,-1
45,281253,281.253,0,0,steady,-1
46,287762,287.762,0,0,steady,-1
47,297762,297.762,0,0,steady,-1
48,302262,302.262,0,0,steady,-1
49,306768,306.768,0,0,steady,-1
50,317762,317.762,0,0,steady,-1
51,322271,322.271,0,0,steady,-1
52,326783,326.783,0,0,steady,-1
53,331307,331.307,0,0,steady,-1
54,337762,337.762,0,0,steady,-1
55,347762,347.762,0,0,steady,-1
56,352275,352.275,0,0,steady,-1
57,356795,356.795,0,0,steady,-1
58,367762,367.762,0,0,steady,-1
59,372284,372.284,0,0,steady,-1
60,376805,376.805,0,0,steady,-1
61,381331,381.331,0,0,steady,-1
62,387762,387.762,0,0,steady,-1
63,397762,397.762,0,0,steady,-1
64,402293,402.293,0,0,steady,-1
65,406827,406.827,0,0,steady,-1
66,417762,417.762,0,0,steady,-1
67,422298,422.298,0,0,steady,-1
68,426831,426.831,0,0,steady,-1
69,437749,437.749,0,0,steady,-1
70,442286,442.286,0,0,steady,-1
71,446830,446.83,0,0,steady,-1
72,451372,451.372,0,0,steady,-1
73,457762,457.762,0,0,steady,-1
74,467766,467.766,0,0,steady,-1
75,472316,472.316,0,0,steady,-1
76,476868,476.868,0,0,steady,-1
77,487762,487.762,0,0,steady,-1
78,492323,492.323,0,0,steady,-1
79,496897,496.897,0,0,steady,-1
80,501460,501.46,0,0,steady,-1
81,507762,507.762,0,0,steady,-1
82,517762,517.762,0,0,steady,-1
83,522335,522.335,0,0,steady,-1
84,526906,526.906,0,0,steady,-1
85,537766,537.766,0,0,steady,-1
86,542339,542.339,0,0,steady,-1
87,546919,546.919,0,0,steady,-1
88,551495,551.495,0,0,steady,-1
89,557762,557.762,0,0,steady,-1
90,567762,567.762,0,0,steady,-1
91,572348,572.348,0,0,steady,-1
92,576931,576.931,0,0,steady,-1
93,587762,587.762,0,0,steady,-1
94,592348,592.348,0,0,steady,-1
95,596940,596.94,0,0,steady,-1
96,601533,601.533,0,0,steady,-1
97,607763,607.763,0,0,steady,-1
98,617763,617.763,0,0,steady,-1
99,622361,622.361,0,0,steady,-1
100,626957,626.957,0,0,steady,-1
101,637762,637.762,0,0,steady,-1
102,642362,642.362,0,0,steady,-1
103,646968,646.968,0,0,steady,-1
104,657762,657.762,0,0,steady,-1
105,663968,663.968,0,0,steady,-1
106,668451,668.451,0,0,steady,-1
107,672927,672.927,0,0,steady,-1
108,687762,687.762,0,0,steady,-1
109,692246,692.246,0,0,steady,-1
110,696726,696.726,0,0,steady,-1
111,701220,701.22,0,0,steady,-1
112,707762,707.762,0,0,steady,-1
113,717762,717.762,0,0,steady,-1
114,722250,722.25,0,0,steady,-1
115,726746,726.746,0,0,steady,-1
116,737762,737.762,0,0,steady,-1
117,742260,742.26,0,0,steady,-1
118,746763,746.763,0,0,steady,-1
119,757749,757.749,0,0,steady,-1
120,762253,762.253,0,0,steady,-1
121,766755,766.755,0,0,steady,-1
122,771261,771.261,0,0,steady,-1
123,777762,777.762,0,0,steady,-1
124,787762,787.762,0,0,steady,-1
125,792270,792.27,0,0,steady,-1
126,796783,796.783,0,0,steady,-1
127,807762,807.762,0,0,steady,-1
128,812283,812.283,0,0,steady,-1
129,816798,816.798,0,0,steady,-1
130,827761,827.761,0,0,steady,-1
131,832278,832.278,0,0,steady,-1
132,836802,836.802,0,0,steady,-1
133,841322,841.322,0,0,steady,-1
134,847762,847.762,0,0,steady,-1
135,857762,857.762,0,0,steady,-1
136,862308,862.308,0,0,steady,-1
137,866840,866.84,0,0,steady,-1
138,877770,877.77,0,0,steady,-1
139,882301,882.301,0,0,steady,-1
140,886839,886.839,0,0,steady,-1
141,897766,897.766,0,0,steady,-1
142,902305,902.305,0,0,steady,-1
143,906843,906.843,0,0,steady,-1
144,911387,911.387,0,0,steady,-1
145,917766,917.766,0,0,steady,-1
146,927766,927.766,0,0,steady,-1
147,932311,932.311,0,0,steady,-1
148,936862,936.862,0,0,steady,-1
149,947770,947.77,0,0,steady,-1
150,952328,952.328,0,0,steady,-1
151,956884,956.884,0,0,steady,-1
152,967766,967.766,0,0,steady,-1
153,972331,972.331,0,0,steady,-1
154,976902,976.902,0,0,steady,-1
155,981470,981.47,0,0,steady,-1
156,987766,987.766,0,0,steady,-1
157,997767,997.767,0,0,steady,-1
158,1002344,1002.344,0,0,steady,-1
159,1006919,1006.919,0,0,steady,-1
160,1017767,1017.767,0,0,steady,-1
161,1022346,1022.346,0,0,steady,-1
162,1026930,1026.93,0,0,steady,-1
163,1037766,1037.766,0,0,steady,-1
164,1042354,1042.354,0,0,steady,-1
165,1046939,1046.939,0,0,steady,-1
166,1057766,1057.766,0,0,steady,-1
167,1062354,1062.354,0,0,steady,-1
168,1066948,1066.948,0,0,steady,-1
169,1071539,1071.539,0,0,steady,-1
170,1087753,1087.753,0,0,steady,-1
171,1092347,1092.347,0,0,steady,-1
172,1096948,1096.948,0,0,steady,-1
173,1101545,1101.545,0,0,steady,-1
174,1107766,1107.766,0,0,steady,-1
175,1117766,1117.766,0,0,steady,-1
176,1122372,1122.372,0,0,steady,-1
177,1126976,1126.976,0,0,steady,-1
178,1133141,1133.141,0,0,steady,-1
179,1147767,1147.767,0,0,steady,-1
180,1152241,1152.241,0,0,steady,-1
181,1156719,1156.719,0,0,steady,-1
182,1161198,1161.198,0,0,steady,-1
183,1167766,1167.766,0,0,steady,-1
184,1177766,1177.766,0,0,steady,-1
185,1182249,1182.249,0,0,steady,-1
186,1186738,1186.738,0,0,steady,-1
187,1197767,1197.767,0,0,steady,-1
188,1202259,1202.259,0,0,steady,-1
189,1206752,1206.752,0,0,steady,-1
190,1217766,1217.766,0,0,steady,-1
191,1222262,1222.262,0,0,steady,-1
192,1226768,1226.768,0,0,steady,-1
193,1237766,1237.766,0,0,steady,-1
194,1242271,1242.271,0,0,steady,-1
195,1246774,1246.774,0,0,steady,-1
196,1251281,1251.281,0,0,steady,-1
197,1257767,1257.767,0,0,steady,-1
198,1267767,1267.767,0,0,steady,-1
199,1272276,1272.276,0,0,steady,-1
