run_id,family,variant,source_path,normalized_status,normalization_policy,primary_artifact,created_at,webcam_rows,perf_counter_s_inferred_from_timestamp,linked_artifacts,unrecoverable_reason
random-train_20260522_112745,dual_experiments,current_setup,data/dual_experiments/current_setup/random-train_20260522_112745,partial,perf_counter_s_inferred_from_timestamp,data/dual_experiments/current_setup/random-train_20260522_112745/webcam_metrics.csv,20260522_112745,780,true,,pulse_events.csv;coincidence_table.csv
random-train_20260522_113049,dual_experiments,current_setup_fixed,data/dual_experiments/current_setup_fixed/random-train_20260522_113049,partial,perf_counter_s_inferred_from_timestamp,data/dual_experiments/current_setup_fixed/random-train_20260522_113049/webcam_metrics.csv,20260522_113049,780,true,,pulse_events.csv;coincidence_table.csv
random-train_20260522_154927,dual_experiments,phase2_statistical_reconstruction,data/dual_experiments/phase2_statistical_reconstruction/random-train_20260522_154927,valid,current_schema,data/dual_experiments/phase2_statistical_reconstruction/random-train_20260522_154927/webcam_metrics.csv,20260522_154927,785,false,data/dual_experiments/phase2_statistical_reconstruction/random-train_20260522_154927/pulse_events.csv;data/dual_experiments/phase2_statistical_reconstruction/random-train_20260522_154927/coincidence_table.csv,
random-train_20260522_155022,dual_experiments,phase2_statistical_reconstruction,data/dual_experiments/phase2_statistical_reconstruction/random-train_20260522_155022,valid,current_schema,data/dual_experiments/phase2_statistical_reconstruction/random-train_20260522_155022/webcam_metrics.csv,20260522_155022,785,false,data/dual_experiments/phase2_statistical_reconstruction/random-train_20260522_155022/pulse_events.csv;data/dual_experiments/phase2_statistical_reconstruction/random-train_20260522_155022/coincidence_table.csv,
random-train_20260522_155151,dual_experiments,phase2_statistical_reconstruction_probe,data/dual_experiments/phase2_statistical_reconstruction_probe/random-train_20260522_155151,valid,current_schema,data/dual_experiments/phase2_statistical_reconstruction_probe/random-train_20260522_155151/webcam_metrics.csv,20260522_155151,470,false,data/dual_experiments/phase2_statistical_reconstruction_probe/random-train_20260522_155151/pulse_events.csv;data/dual_experiments/phase2_statistical_reconstruction_probe/random-train_20260522_155151/coincidence_table.csv,
random-train_20260522_155230,dual_experiments,phase2_statistical_reconstruction_probe,data/dual_experiments/phase2_statistical_reconstruction_probe/random-train_20260522_155230,valid,current_schema,data/dual_experiments/phase2_statistical_reconstruction_probe/random-train_20260522_155230/webcam_metrics.csv,20260522_155230,470,false,data/dual_experiments/phase2_statistical_reconstruction_probe/random-train_20260522_155230/pulse_events.csv;data/dual_experiments/phase2_statistical_reconstruction_probe/random-train_20260522_155230/coincidence_table.csv,
random-train_20260522_155311,dual_experiments,phase2_statistical_reconstruction_matrix,data/dual_experiments/phase2_statistical_reconstruction_matrix/random-train_20260522_155311,valid,current_schema,data/dual_experiments/phase2_statistical_reconstruction_matrix/random-train_20260522_155311/webcam_metrics.csv,20260522_155311,785,false,data/dual_experiments/phase2_statistical_reconstruction_matrix/random-train_20260522_155311/pulse_events.csv;data/dual_experiments/phase2_statistical_reconstruction_matrix/random-train_20260522_155311/coincidence_table.csv,
random-train_20260522_155351,dual_experiments,phase2_statistical_reconstruction_matrix,data/dual_experiments/phase2_statistical_reconstruction_matrix/random-train_20260522_155351,valid,current_schema,data/dual_experiments/phase2_statistical_reconstruction_matrix/random-train_20260522_155351/webcam_metrics.csv,20260522_155351,785,false,data/dual_experiments/phase2_statistical_reconstruction_matrix/random-train_20260522_155351/pulse_events.csv;data/dual_experiments/phase2_statistical_reconstruction_matrix/random-train_20260522_155351/coincidence_table.csv,
random-train_20260522_155431,dual_experiments,phase2_statistical_reconstruction_matrix,data/dual_experiments/phase2_statistical_reconstruction_matrix/random-train_20260522_155431,valid,current_schema,data/dual_experiments/phase2_statistical_reconstruction_matrix/random-train_20260522_155431/webcam_metrics.csv,20260522_155431,785,false,data/dual_experiments/phase2_statistical_reconstruction_matrix/random-train_20260522_155431/pulse_events.csv;data/dual_experiments/phase2_statistical_reconstruction_matrix/random-train_20260522_155431/coincidence_table.csv,
random-train_20260522_162539,dual_experiments,phase2_statistical_reconstruction_matrix,data/dual_experiments/phase2_statistical_reconstruction_matrix/random-train_20260522_162539,valid,current_schema,data/dual_experiments/phase2_statistical_reconstruction_matrix/random-train_20260522_162539/webcam_metrics.csv,20260522_162539,904,false,data/dual_experiments/phase2_statistical_reconstruction_matrix/random-train_20260522_162539/pulse_events.csv;data/dual_experiments/phase2_statistical_reconstruction_matrix/random-train_20260522_162539/coincidence_table.csv,
random-train_20260522_162947,dual_experiments,phase2_statistical_reconstruction_matrix,data/dual_experiments/phase2_statistical_reconstruction_matrix/random-train_20260522_162947,valid,current_schema,data/dual_experiments/phase2_statistical_reconstruction_matrix/random-train_20260522_162947/webcam_metrics.csv,20260522_162947,780,false,data/dual_experiments/phase2_statistical_reconstruction_matrix/random-train_20260522_162947/pulse_events.csv;data/dual_experiments/phase2_statistical_reconstruction_matrix/random-train_20260522_162947/coincidence_table.csv,
random-train_20260522_163706,dual_experiments,phase2_statistical_reconstruction_matrix,data/dual_experiments/phase2_statistical_reconstruction_matrix/random-train_20260522_163706,valid,current_schema,data/dual_experiments/phase2_statistical_reconstruction_matrix/random-train_20260522_163706/webcam_metrics.csv,20260522_163706,780,false,data/dual_experiments/phase2_statistical_reconstruction_matrix/random-train_20260522_163706/pulse_events.csv;data/dual_experiments/phase2_statistical_reconstruction_matrix/random-train_20260522_163706/coincidence_table.csv,
random-train_20260522_172025,dual_experiments,phase2_statistical_reconstruction_matrix,data/dual_experiments/phase2_statistical_reconstruction_matrix/random-train_20260522_172025,valid,current_schema,data/dual_experiments/phase2_statistical_reconstruction_matrix/random-train_20260522_172025/webcam_metrics.csv,20260522_172025,780,false,data/dual_experiments/phase2_statistical_reconstruction_matrix/random-train_20260522_172025/pulse_events.csv;data/dual_experiments/phase2_statistical_reconstruction_matrix/random-train_20260522_172025/coincidence_table.csv,
train_20260522_112902,dual_experiments,current_setup,data/dual_experiments/current_setup/train_20260522_112902,partial,perf_counter_s_inferred_from_timestamp,data/dual_experiments/current_setup/train_20260522_112902/webcam_metrics.csv,20260522_112902,335,true,,pulse_events.csv;coincidence_table.csv
train_20260522_113033,dual_experiments,current_setup_fixed,data/dual_experiments/current_setup_fixed/train_20260522_113033,partial,perf_counter_s_inferred_from_timestamp,data/dual_experiments/current_setup_fixed/train_20260522_113033/webcam_metrics.csv,20260522_113033,335,true,,pulse_events.csv;coincidence_table.csv
latency_results_20260430_122215,latency_runs,.,data/latency_runs/latency_results_20260430_122215.csv,invalid_empty,empty_latency_csv_preserve_companions,data/latency_runs/latency_results_20260430_122215.csv,20260430_122215,,false,data/latency_runs/latency_summary_20260430_122215.csv;data/latency_runs/latency_log_20260430_122215.txt,latency results csv is empty
latency_results_20260430_122246,latency_runs,.,data/latency_runs/latency_results_20260430_122246.csv,invalid_empty,empty_latency_csv_preserve_companions,data/latency_runs/latency_results_20260430_122246.csv,20260430_122246,,false,data/latency_runs/latency_summary_20260430_122246.csv;data/latency_runs/latency_log_20260430_122246.txt,latency results csv is empty
latency_results_20260430_122545,latency_runs,.,data/latency_runs/latency_results_20260430_122545.csv,invalid_empty,empty_latency_csv_preserve_companions,data/latency_runs/latency_results_20260430_122545.csv,20260430_122545,,false,data/latency_runs/latency_summary_20260430_122545.csv;data/latency_runs/latency_log_20260430_122545.txt,latency results csv is empty
latency_results_20260430_122707,latency_runs,.,data/latency_runs/latency_results_20260430_122707.csv,invalid_empty,empty_latency_csv_preserve_companions,data/latency_runs/latency_results_20260430_122707.csv,20260430_122707,,false,data/latency_runs/latency_summary_20260430_122707.csv;data/latency_runs/latency_log_20260430_122707.txt,latency results csv is empty
latency_results_20260430_122843,latency_runs,.,data/latency_runs/latency_results_20260430_122843.csv,invalid_empty,empty_latency_csv_preserve_companions,data/latency_runs/latency_results_20260430_122843.csv,20260430_122843,,false,data/latency_runs/latency_summary_20260430_122843.csv;data/latency_runs/latency_log_20260430_122843.txt,latency results csv is empty
latency_results_20260430_122907,latency_runs,.,data/latency_runs/latency_results_20260430_122907.csv,invalid_empty,empty_latency_csv_preserve_companions,data/latency_runs/latency_results_20260430_122907.csv,20260430_122907,,false,data/latency_runs/latency_summary_20260430_122907.csv;data/latency_runs/latency_log_20260430_122907.txt,latency results csv is empty
latency_results_20260430_122919,latency_runs,.,data/latency_runs/latency_results_20260430_122919.csv,invalid_empty,empty_latency_csv_preserve_companions,data/latency_runs/latency_results_20260430_122919.csv,20260430_122919,,false,data/latency_runs/latency_summary_20260430_122919.csv;data/latency_runs/latency_log_20260430_122919.txt,latency results csv is empty
latency_results_20260430_122932,latency_runs,.,data/latency_runs/latency_results_20260430_122932.csv,invalid_empty,empty_latency_csv_preserve_companions,data/latency_runs/latency_results_20260430_122932.csv,20260430_122932,,false,data/latency_runs/latency_summary_20260430_122932.csv;data/latency_runs/latency_log_20260430_122932.txt,latency results csv is empty
latency_results_20260430_162158,latency_runs,.,data/latency_runs/latency_results_20260430_162158.csv,invalid_empty,empty_latency_csv_preserve_companions,data/latency_runs/latency_results_20260430_162158.csv,20260430_162158,,false,data/latency_runs/latency_summary_20260430_162158.csv;data/latency_runs/latency_log_20260430_162158.txt,latency results csv is empty
latency_results_20260430_170139,latency_runs,.,data/latency_runs/latency_results_20260430_170139.csv,invalid_empty,empty_latency_csv_preserve_companions,data/latency_runs/latency_results_20260430_170139.csv,20260430_170139,,false,data/latency_runs/latency_summary_20260430_170139.csv;data/latency_runs/latency_log_20260430_170139.txt,latency results csv is empty
latency_results_20260430_170425,latency_runs,.,data/latency_runs/latency_results_20260430_170425.csv,invalid_empty,empty_latency_csv_preserve_companions,data/latency_runs/latency_results_20260430_170425.csv,20260430_170425,,false,data/latency_runs/latency_summary_20260430_170425.csv;data/latency_runs/latency_log_20260430_170425.txt,latency results csv is empty
latency_results_20260430_170905,latency_runs,.,data/latency_runs/latency_results_20260430_170905.csv,invalid_empty,empty_latency_csv_preserve_companions,data/latency_runs/latency_results_20260430_170905.csv,20260430_170905,,false,data/latency_runs/latency_summary_20260430_170905.csv;data/latency_runs/latency_log_20260430_170905.txt,latency results csv is empty
op598_characterization_20260522_1524,op598,.,data/op598/op598_characterization_20260522_1524.md,legacy_unstructured,unrecoverable_loose_artifact,data/op598/op598_characterization_20260522_1524.md,20260522,,false,,"standalone documentation, not a run table"
op598_sample_20260522_152308,op598,.,data/op598/op598_sample_20260522_152308.log,legacy_unstructured,unrecoverable_loose_artifact,data/op598/op598_sample_20260522_152308.log,20260522_152308,,false,,loose log without raw csv
op598_status_20260522_152328,op598,.,data/op598/op598_status_20260522_152328.log,legacy_unstructured,unrecoverable_loose_artifact,data/op598/op598_status_20260522_152328.log,20260522_152328,,false,,loose log without raw csv
op598_status_20260522_154900,op598,.,data/op598/op598_status_20260522_154900.log,legacy_unstructured,unrecoverable_loose_artifact,data/op598/op598_status_20260522_154900.log,20260522_154900,,false,,loose log without raw csv
op598_status_20260522_170242,op598,.,data/op598/op598_status_20260522_170242.log,legacy_unstructured,unrecoverable_loose_artifact,data/op598/op598_status_20260522_170242.log,20260522_170242,,false,,loose log without raw csv
flash_experiment_results_20260521,webcam,.,data/webcam/flash_experiment_results_20260521.md,legacy_unstructured,unrecoverable_loose_artifact,data/webcam/flash_experiment_results_20260521.md,20260521,,false,,"standalone documentation, not a run table"
flash_experiment_results_20260521_additional,webcam,.,data/webcam/flash_experiment_results_20260521_additional.md,legacy_unstructured,unrecoverable_loose_artifact,data/webcam/flash_experiment_results_20260521_additional.md,20260521,,false,,"standalone documentation, not a run table"
flash_parameter_low_duty_20260521,webcam,.,data/webcam/flash_parameter_low_duty_20260521.csv,valid,legacy_sweep_companion_csv_links,data/webcam/flash_parameter_low_duty_20260521.csv,20260521,14,false,data/webcam/webcam_flash_metrics_20260521_120112.csv;data/webcam/webcam_flash_metrics_20260521_120123.csv;data/webcam/webcam_flash_metrics_20260521_120134.csv;data/webcam/webcam_flash_metrics_20260521_120144.csv;data/webcam/webcam_flash_metrics_20260521_120155.csv;data/webcam/webcam_flash_metrics_20260521_120205.csv;data/webcam/webcam_flash_metrics_20260521_120216.csv;data/webcam/webcam_flash_metrics_20260521_120226.csv;data/webcam/webcam_flash_metrics_20260521_120237.csv;data/webcam/webcam_flash_metrics_20260521_120247.csv;data/webcam/webcam_flash_metrics_20260521_120258.csv;data/webcam/webcam_flash_metrics_20260521_120308.csv;data/webcam/webcam_flash_metrics_20260521_120319.csv;data/webcam/webcam_flash_metrics_20260521_120329.csv,
flash_parameter_sweep_20260521_114453,webcam,.,data/webcam/flash_parameter_sweep_20260521_114453.csv,valid,legacy_sweep_companion_csv_links,data/webcam/flash_parameter_sweep_20260521_114453.csv,20260521_114453,13,false,data/webcam/webcam_flash_metrics_20260521_114453.csv;data/webcam/webcam_flash_metrics_20260521_114504.csv;data/webcam/webcam_flash_metrics_20260521_114514.csv;data/webcam/webcam_flash_metrics_20260521_114525.csv;data/webcam/webcam_flash_metrics_20260521_114535.csv;data/webcam/webcam_flash_metrics_20260521_114546.csv;data/webcam/webcam_flash_metrics_20260521_114556.csv;data/webcam/webcam_flash_metrics_20260521_114607.csv;data/webcam/webcam_flash_metrics_20260521_114617.csv;data/webcam/webcam_flash_metrics_20260521_114628.csv;data/webcam/webcam_flash_metrics_20260521_114638.csv;data/webcam/webcam_flash_metrics_20260521_114649.csv;data/webcam/webcam_flash_metrics_20260521_114659.csv,
led_intensity_low_sweep_20260521,webcam,.,data/webcam/led_intensity_low_sweep_20260521.csv,valid,legacy_sweep_companion_csv_links,data/webcam/led_intensity_low_sweep_20260521.csv,20260521,10,false,data/webcam/webcam_flash_metrics_20260521_115919.csv;data/webcam/webcam_flash_metrics_20260521_115929.csv;data/webcam/webcam_flash_metrics_20260521_115940.csv;data/webcam/webcam_flash_metrics_20260521_115950.csv;data/webcam/webcam_flash_metrics_20260521_120001.csv;data/webcam/webcam_flash_metrics_20260521_120011.csv;data/webcam/webcam_flash_metrics_20260521_120022.csv;data/webcam/webcam_flash_metrics_20260521_120032.csv;data/webcam/webcam_flash_metrics_20260521_120043.csv;data/webcam/webcam_flash_metrics_20260521_120053.csv,
led_intensity_sweep_20260521_114216,webcam,.,data/webcam/led_intensity_sweep_20260521_114216.csv,valid,legacy_sweep_companion_csv_links,data/webcam/led_intensity_sweep_20260521_114216.csv,20260521_114216,14,false,data/webcam/webcam_flash_metrics_20260521_114216.csv;data/webcam/webcam_flash_metrics_20260521_114227.csv;data/webcam/webcam_flash_metrics_20260521_114238.csv;data/webcam/webcam_flash_metrics_20260521_114248.csv;data/webcam/webcam_flash_metrics_20260521_114258.csv;data/webcam/webcam_flash_metrics_20260521_114309.csv;data/webcam/webcam_flash_metrics_20260521_114319.csv;data/webcam/webcam_flash_metrics_20260521_114330.csv;data/webcam/webcam_flash_metrics_20260521_114340.csv;data/webcam/webcam_flash_metrics_20260521_114351.csv;data/webcam/webcam_flash_metrics_20260521_114401.csv;data/webcam/webcam_flash_metrics_20260521_114412.csv;data/webcam/webcam_flash_metrics_20260521_114422.csv;data/webcam/webcam_flash_metrics_20260521_114433.csv,
led_intensity_sweep_20260521_115322,webcam,.,data/webcam/led_intensity_sweep_20260521_115322.csv,valid,legacy_sweep_companion_csv_links,data/webcam/led_intensity_sweep_20260521_115322.csv,20260521_115322,14,false,data/webcam/webcam_flash_metrics_20260521_115322.csv;data/webcam/webcam_flash_metrics_20260521_115333.csv;data/webcam/webcam_flash_metrics_20260521_115343.csv;data/webcam/webcam_flash_metrics_20260521_115354.csv;data/webcam/webcam_flash_metrics_20260521_115404.csv;data/webcam/webcam_flash_metrics_20260521_115415.csv;data/webcam/webcam_flash_metrics_20260521_115425.csv;data/webcam/webcam_flash_metrics_20260521_115436.csv;data/webcam/webcam_flash_metrics_20260521_115446.csv;data/webcam/webcam_flash_metrics_20260521_115457.csv;data/webcam/webcam_flash_metrics_20260521_115507.csv;data/webcam/webcam_flash_metrics_20260521_115518.csv;data/webcam/webcam_flash_metrics_20260521_115528.csv;data/webcam/webcam_flash_metrics_20260521_115539.csv,
threshold_delta_20_duty6_20260521,webcam,.,data/webcam/threshold_delta_20_duty6_20260521.csv,valid,legacy_sweep_companion_csv_links,data/webcam/threshold_delta_20_duty6_20260521.csv,20260521,1,false,data/webcam/webcam_flash_metrics_20260521_120350.csv,
threshold_delta_40_duty6_20260521,webcam,.,data/webcam/threshold_delta_40_duty6_20260521.csv,valid,legacy_sweep_companion_csv_links,data/webcam/threshold_delta_40_duty6_20260521.csv,20260521,1,false,data/webcam/webcam_flash_metrics_20260521_120408.csv,
