campaign_id,camera_index,duty,pulse_index,block_id,block_order,is_dark_control,is_positive_control
camera0-intensity-threshold-20260526-camera0-run01,0,3,1,1,1,False,False
camera0-intensity-threshold-20260526-camera0-run01,0,2,1,1,2,False,False
camera0-intensity-threshold-20260526-camera0-run01,0,32,1,1,3,False,True
camera0-intensity-threshold-20260526-camera0-run01,0,48,1,1,4,False,True
camera0-intensity-threshold-20260526-camera0-run01,0,7,1,1,5,False,False
camera0-intensity-threshold-20260526-camera0-run01,0,10,1,1,6,False,False
camera0-intensity-threshold-20260526-camera0-run01,0,64,1,1,7,False,True
camera0-intensity-threshold-20260526-camera0-run01,0,24,1,1,8,False,True
camera0-intensity-threshold-20260526-camera0-run01,0,5,1,1,9,False,False
camera0-intensity-threshold-20260526-camera0-run01,0,16,1,1,10,False,True
camera0-intensity-threshold-20260526-camera0-run01,0,8,1,1,11,False,False
camera0-intensity-threshold-20260526-camera0-run01,0,1,1,1,12,False,False
camera0-intensity-threshold-20260526-camera0-run01,0,0,1,1,13,True,False
camera0-intensity-threshold-20260526-camera0-run01,0,128,1,1,14,False,True
camera0-intensity-threshold-20260526-camera0-run01,0,6,1,1,15,False,False
camera0-intensity-threshold-20260526-camera0-run01,0,4,1,1,16,False,False
camera0-intensity-threshold-20260526-camera0-run01,0,12,1,1,17,False,False
camera0-intensity-threshold-20260526-camera0-run01,0,12,2,2,1,False,False
camera0-intensity-threshold-20260526-camera0-run01,0,128,2,2,2,False,True
camera0-intensity-threshold-20260526-camera0-run01,0,5,2,2,3,False,False
camera0-intensity-threshold-20260526-camera0-run01,0,64,2,2,4,False,True
camera0-intensity-threshold-20260526-camera0-run01,0,32,2,2,5,False,True
camera0-intensity-threshold-20260526-camera0-run01,0,24,2,2,6,False,True
camera0-intensity-threshold-20260526-camera0-run01,0,4,2,2,7,False,False
camera0-intensity-threshold-20260526-camera0-run01,0,16,2,2,8,False,True
camera0-intensity-threshold-20260526-camera0-run01,0,3,2,2,9,False,False
camera0-intensity-threshold-20260526-camera0-run01,0,48,2,2,10,False,True
camera0-intensity-threshold-20260526-camera0-run01,0,10,2,2,11,False,False
camera0-intensity-threshold-20260526-camera0-run01,0,0,2,2,12,True,False
camera0-intensity-threshold-20260526-camera0-run01,0,6,2,2,13,False,False
camera0-intensity-threshold-20260526-camera0-run01,0,8,2,2,14,False,False
camera0-intensity-threshold-20260526-camera0-run01,0,1,2,2,15,False,False
camera0-intensity-threshold-20260526-camera0-run01,0,7,2,2,16,False,False
camera0-intensity-threshold-20260526-camera0-run01,0,2,2,2,17,False,False
camera0-intensity-threshold-20260526-camera0-run01,0,7,3,3,1,False,False
camera0-intensity-threshold-20260526-camera0-run01,0,48,3,3,2,False,True
camera0-intensity-threshold-20260526-camera0-run01,0,3,3,3,3,False,False
camera0-intensity-threshold-20260526-camera0-run01,0,16,3,3,4,False,True
camera0-intensity-threshold-20260526-camera0-run01,0,5,3,3,5,False,False
camera0-intensity-threshold-20260526-camera0-run01,0,12,3,3,6,False,False
camera0-intensity-threshold-20260526-camera0-run01,0,0,3,3,7,True,False
camera0-intensity-threshold-20260526-camera0-run01,0,32,3,3,8,False,True
camera0-intensity-threshold-20260526-camera0-run01,0,24,3,3,9,False,True
camera0-intensity-threshold-20260526-camera0-run01,0,128,3,3,10,False,True
camera0-intensity-threshold-20260526-camera0-run01,0,64,3,3,11,False,True
camera0-intensity-threshold-20260526-camera0-run01,0,1,3,3,12,False,False
camera0-intensity-threshold-20260526-camera0-run01,0,8,3,3,13,False,False
camera0-intensity-threshold-20260526-camera0-run01,0,2,3,3,14,False,False
camera0-intensity-threshold-20260526-camera0-run01,0,6,3,3,15,False,False
camera0-intensity-threshold-20260526-camera0-run01,0,10,3,3,16,False,False
camera0-intensity-threshold-20260526-camera0-run01,0,4,3,3,17,False,False
camera0-intensity-threshold-20260526-camera0-run01,0,64,4,4,1,False,True
camera0-intensity-threshold-20260526-camera0-run01,0,16,4,4,2,False,True
camera0-intensity-threshold-20260526-camera0-run01,0,0,4,4,3,True,False
camera0-intensity-threshold-20260526-camera0-run01,0,48,4,4,4,False,True
camera0-intensity-threshold-20260526-camera0-run01,0,128,4,4,5,False,True
camera0-intensity-threshold-20260526-camera0-run01,0,32,4,4,6,False,True
camera0-intensity-threshold-20260526-camera0-run01,0,4,4,4,7,False,False
camera0-intensity-threshold-20260526-camera0-run01,0,24,4,4,8,False,True
camera0-intensity-threshold-20260526-camera0-run01,0,5,4,4,9,False,False
camera0-intensity-threshold-20260526-camera0-run01,0,6,4,4,10,False,False
camera0-intensity-threshold-20260526-camera0-run01,0,8,4,4,11,False,False
camera0-intensity-threshold-20260526-camera0-run01,0,12,4,4,12,False,False
camera0-intensity-threshold-20260526-camera0-run01,0,7,4,4,13,False,False
camera0-intensity-threshold-20260526-camera0-run01,0,3,4,4,14,False,False
camera0-intensity-threshold-20260526-camera0-run01,0,10,4,4,15,False,False
camera0-intensity-threshold-20260526-camera0-run01,0,1,4,4,16,False,False
camera0-intensity-threshold-20260526-camera0-run01,0,2,4,4,17,False,False
camera0-intensity-threshold-20260526-camera0-run01,0,64,5,5,1,False,True
camera0-intensity-threshold-20260526-camera0-run01,0,6,5,5,2,False,False
camera0-intensity-threshold-20260526-camera0-run01,0,12,5,5,3,False,False
camera0-intensity-threshold-20260526-camera0-run01,0,48,5,5,4,False,True
camera0-intensity-threshold-20260526-camera0-run01,0,3,5,5,5,False,False
camera0-intensity-threshold-20260526-camera0-run01,0,24,5,5,6,False,True
camera0-intensity-threshold-20260526-camera0-run01,0,0,5,5,7,True,False
camera0-intensity-threshold-20260526-camera0-run01,0,1,5,5,8,False,False
camera0-intensity-threshold-20260526-camera0-run01,0,32,5,5,9,False,True
camera0-intensity-threshold-20260526-camera0-run01,0,16,5,5,10,False,True
camera0-intensity-threshold-20260526-camera0-run01,0,5,5,5,11,False,False
camera0-intensity-threshold-20260526-camera0-run01,0,128,5,5,12,False,True
camera0-intensity-threshold-20260526-camera0-run01,0,8,5,5,13,False,False
camera0-intensity-threshold-20260526-camera0-run01,0,4,5,5,14,False,False
camera0-intensity-threshold-20260526-camera0-run01,0,10,5,5,15,False,False
camera0-intensity-threshold-20260526-camera0-run01,0,2,5,5,16,False,False
camera0-intensity-threshold-20260526-camera0-run01,0,7,5,5,17,False,False
camera0-intensity-threshold-20260526-camera0-run01,0,24,6,6,1,False,True
camera0-intensity-threshold-20260526-camera0-run01,0,2,6,6,2,False,False
camera0-intensity-threshold-20260526-camera0-run01,0,48,6,6,3,False,True
camera0-intensity-threshold-20260526-camera0-run01,0,7,6,6,4,False,False
camera0-intensity-threshold-20260526-camera0-run01,0,6,6,6,5,False,False
camera0-intensity-threshold-20260526-camera0-run01,0,3,6,6,6,False,False
camera0-intensity-threshold-20260526-camera0-run01,0,4,6,6,7,False,False
camera0-intensity-threshold-20260526-camera0-run01,0,16,6,6,8,False,True
camera0-intensity-threshold-20260526-camera0-run01,0,128,6,6,9,False,True
camera0-intensity-threshold-20260526-camera0-run01,0,5,6,6,10,False,False
camera0-intensity-threshold-20260526-camera0-run01,0,10,6,6,11,False,False
camera0-intensity-threshold-20260526-camera0-run01,0,8,6,6,12,False,False
camera0-intensity-threshold-20260526-camera0-run01,0,1,6,6,13,False,False
camera0-intensity-threshold-20260526-camera0-run01,0,12,6,6,14,False,False
camera0-intensity-threshold-20260526-camera0-run01,0,0,6,6,15,True,False
camera0-intensity-threshold-20260526-camera0-run01,0,32,6,6,16,False,True
camera0-intensity-threshold-20260526-camera0-run01,0,64,6,6,17,False,True
camera0-intensity-threshold-20260526-camera0-run01,0,6,7,7,1,False,False
camera0-intensity-threshold-20260526-camera0-run01,0,128,7,7,2,False,True
camera0-intensity-threshold-20260526-camera0-run01,0,24,7,7,3,False,True
camera0-intensity-threshold-20260526-camera0-run01,0,48,7,7,4,False,True
camera0-intensity-threshold-20260526-camera0-run01,0,2,7,7,5,False,False
camera0-intensity-threshold-20260526-camera0-run01,0,3,7,7,6,False,False
camera0-intensity-threshold-20260526-camera0-run01,0,5,7,7,7,False,False
camera0-intensity-threshold-20260526-camera0-run01,0,32,7,7,8,False,True
camera0-intensity-threshold-20260526-camera0-run01,0,7,7,7,9,False,False
camera0-intensity-threshold-20260526-camera0-run01,0,10,7,7,10,False,False
camera0-intensity-threshold-20260526-camera0-run01,0,4,7,7,11,False,False
camera0-intensity-threshold-20260526-camera0-run01,0,0,7,7,12,True,False
camera0-intensity-threshold-20260526-camera0-run01,0,1,7,7,13,False,False
camera0-intensity-threshold-20260526-camera0-run01,0,12,7,7,14,False,False
camera0-intensity-threshold-20260526-camera0-run01,0,16,7,7,15,False,True
camera0-intensity-threshold-20260526-camera0-run01,0,64,7,7,16,False,True
camera0-intensity-threshold-20260526-camera0-run01,0,8,7,7,17,False,False
camera0-intensity-threshold-20260526-camera0-run01,0,16,8,8,1,False,True
camera0-intensity-threshold-20260526-camera0-run01,0,12,8,8,2,False,False
camera0-intensity-threshold-20260526-camera0-run01,0,128,8,8,3,False,True
camera0-intensity-threshold-20260526-camera0-run01,0,1,8,8,4,False,False
camera0-intensity-threshold-20260526-camera0-run01,0,32,8,8,5,False,True
camera0-intensity-threshold-20260526-camera0-run01,0,10,8,8,6,False,False
camera0-intensity-threshold-20260526-camera0-run01,0,48,8,8,7,False,True
camera0-intensity-threshold-20260526-camera0-run01,0,8,8,8,8,False,False
camera0-intensity-threshold-20260526-camera0-run01,0,6,8,8,9,False,False
camera0-intensity-threshold-20260526-camera0-run01,0,24,8,8,10,False,True
camera0-intensity-threshold-20260526-camera0-run01,0,2,8,8,11,False,False
camera0-intensity-threshold-20260526-camera0-run01,0,4,8,8,12,False,False
camera0-intensity-threshold-20260526-camera0-run01,0,64,8,8,13,False,True
camera0-intensity-threshold-20260526-camera0-run01,0,0,8,8,14,True,False
camera0-intensity-threshold-20260526-camera0-run01,0,7,8,8,15,False,False
camera0-intensity-threshold-20260526-camera0-run01,0,3,8,8,16,False,False
camera0-intensity-threshold-20260526-camera0-run01,0,5,8,8,17,False,False
camera0-intensity-threshold-20260526-camera0-run01,0,7,9,9,1,False,False
camera0-intensity-threshold-20260526-camera0-run01,0,2,9,9,2,False,False
camera0-intensity-threshold-20260526-camera0-run01,0,10,9,9,3,False,False
camera0-intensity-threshold-20260526-camera0-run01,0,16,9,9,4,False,True
camera0-intensity-threshold-20260526-camera0-run01,0,24,9,9,5,False,True
camera0-intensity-threshold-20260526-camera0-run01,0,0,9,9,6,True,False
camera0-intensity-threshold-20260526-camera0-run01,0,1,9,9,7,False,False
camera0-intensity-threshold-20260526-camera0-run01,0,3,9,9,8,False,False
camera0-intensity-threshold-20260526-camera0-run01,0,12,9,9,9,False,False
camera0-intensity-threshold-20260526-camera0-run01,0,5,9,9,10,False,False
camera0-intensity-threshold-20260526-camera0-run01,0,48,9,9,11,False,True
camera0-intensity-threshold-20260526-camera0-run01,0,64,9,9,12,False,True
camera0-intensity-threshold-20260526-camera0-run01,0,128,9,9,13,False,True
camera0-intensity-threshold-20260526-camera0-run01,0,6,9,9,14,False,False
camera0-intensity-threshold-20260526-camera0-run01,0,32,9,9,15,False,True
camera0-intensity-threshold-20260526-camera0-run01,0,4,9,9,16,False,False
camera0-intensity-threshold-20260526-camera0-run01,0,8,9,9,17,False,False
camera0-intensity-threshold-20260526-camera0-run01,0,1,10,10,1,False,False
camera0-intensity-threshold-20260526-camera0-run01,0,3,10,10,2,False,False
camera0-intensity-threshold-20260526-camera0-run01,0,48,10,10,3,False,True
camera0-intensity-threshold-20260526-camera0-run01,0,5,10,10,4,False,False
camera0-intensity-threshold-20260526-camera0-run01,0,7,10,10,5,False,False
camera0-intensity-threshold-20260526-camera0-run01,0,8,10,10,6,False,False
camera0-intensity-threshold-20260526-camera0-run01,0,12,10,10,7,False,False
camera0-intensity-threshold-20260526-camera0-run01,0,6,10,10,8,False,False
camera0-intensity-threshold-20260526-camera0-run01,0,24,10,10,9,False,True
camera0-intensity-threshold-20260526-camera0-run01,0,128,10,10,10,False,True
camera0-intensity-threshold-20260526-camera0-run01,0,16,10,10,11,False,True
camera0-intensity-threshold-20260526-camera0-run01,0,4,10,10,12,False,False
camera0-intensity-threshold-20260526-camera0-run01,0,2,10,10,13,False,False
camera0-intensity-threshold-20260526-camera0-run01,0,10,10,10,14,False,False
camera0-intensity-threshold-20260526-camera0-run01,0,32,10,10,15,False,True
camera0-intensity-threshold-20260526-camera0-run01,0,64,10,10,16,False,True
camera0-intensity-threshold-20260526-camera0-run01,0,0,10,10,17,True,False
camera0-intensity-threshold-20260526-camera0-run01,0,2,11,11,1,False,False
camera0-intensity-threshold-20260526-camera0-run01,0,4,11,11,2,False,False
camera0-intensity-threshold-20260526-camera0-run01,0,10,11,11,3,False,False
camera0-intensity-threshold-20260526-camera0-run01,0,5,11,11,4,False,False
camera0-intensity-threshold-20260526-camera0-run01,0,12,11,11,5,False,False
camera0-intensity-threshold-20260526-camera0-run01,0,16,11,11,6,False,True
camera0-intensity-threshold-20260526-camera0-run01,0,8,11,11,7,False,False
camera0-intensity-threshold-20260526-camera0-run01,0,3,11,11,8,False,False
camera0-intensity-threshold-20260526-camera0-run01,0,0,11,11,9,True,False
camera0-intensity-threshold-20260526-camera0-run01,0,64,11,11,10,False,True
camera0-intensity-threshold-20260526-camera0-run01,0,7,11,11,11,False,False
camera0-intensity-threshold-20260526-camera0-run01,0,1,11,11,12,False,False
camera0-intensity-threshold-20260526-camera0-run01,0,32,11,11,13,False,True
camera0-intensity-threshold-20260526-camera0-run01,0,128,11,11,14,False,True
camera0-intensity-threshold-20260526-camera0-run01,0,6,11,11,15,False,False
camera0-intensity-threshold-20260526-camera0-run01,0,24,11,11,16,False,True
camera0-intensity-threshold-20260526-camera0-run01,0,48,11,11,17,False,True
camera0-intensity-threshold-20260526-camera0-run01,0,24,12,12,1,False,True
camera0-intensity-threshold-20260526-camera0-run01,0,32,12,12,2,False,True
camera0-intensity-threshold-20260526-camera0-run01,0,16,12,12,3,False,True
camera0-intensity-threshold-20260526-camera0-run01,0,64,12,12,4,False,True
camera0-intensity-threshold-20260526-camera0-run01,0,4,12,12,5,False,False
camera0-intensity-threshold-20260526-camera0-run01,0,7,12,12,6,False,False
camera0-intensity-threshold-20260526-camera0-run01,0,6,12,12,7,False,False
camera0-intensity-threshold-20260526-camera0-run01,0,12,12,12,8,False,False
camera0-intensity-threshold-20260526-camera0-run01,0,48,12,12,9,False,True
camera0-intensity-threshold-20260526-camera0-run01,0,5,12,12,10,False,False
camera0-intensity-threshold-20260526-camera0-run01,0,128,12,12,11,False,True
camera0-intensity-threshold-20260526-camera0-run01,0,8,12,12,12,False,False
camera0-intensity-threshold-20260526-camera0-run01,0,2,12,12,13,False,False
camera0-intensity-threshold-20260526-camera0-run01,0,10,12,12,14,False,False
camera0-intensity-threshold-20260526-camera0-run01,0,0,12,12,15,True,False
camera0-intensity-threshold-20260526-camera0-run01,0,3,12,12,16,False,False
camera0-intensity-threshold-20260526-camera0-run01,0,1,12,12,17,False,False
camera0-intensity-threshold-20260526-camera0-run01,0,8,13,13,1,False,False
camera0-intensity-threshold-20260526-camera0-run01,0,5,13,13,2,False,False
camera0-intensity-threshold-20260526-camera0-run01,0,3,13,13,3,False,False
camera0-intensity-threshold-20260526-camera0-run01,0,2,13,13,4,False,False
camera0-intensity-threshold-20260526-camera0-run01,0,6,13,13,5,False,False
camera0-intensity-threshold-20260526-camera0-run01,0,24,13,13,6,False,True
camera0-intensity-threshold-20260526-camera0-run01,0,0,13,13,7,True,False
camera0-intensity-threshold-20260526-camera0-run01,0,4,13,13,8,False,False
camera0-intensity-threshold-20260526-camera0-run01,0,10,13,13,9,False,False
camera0-intensity-threshold-20260526-camera0-run01,0,12,13,13,10,False,False
camera0-intensity-threshold-20260526-camera0-run01,0,64,13,13,11,False,True
camera0-intensity-threshold-20260526-camera0-run01,0,48,13,13,12,False,True
camera0-intensity-threshold-20260526-camera0-run01,0,32,13,13,13,False,True
camera0-intensity-threshold-20260526-camera0-run01,0,1,13,13,14,False,False
camera0-intensity-threshold-20260526-camera0-run01,0,7,13,13,15,False,False
camera0-intensity-threshold-20260526-camera0-run01,0,128,13,13,16,False,True
camera0-intensity-threshold-20260526-camera0-run01,0,16,13,13,17,False,True
camera0-intensity-threshold-20260526-camera0-run01,0,24,14,14,1,False,True
camera0-intensity-threshold-20260526-camera0-run01,0,1,14,14,2,False,False
camera0-intensity-threshold-20260526-camera0-run01,0,12,14,14,3,False,False
camera0-intensity-threshold-20260526-camera0-run01,0,7,14,14,4,False,False
camera0-intensity-threshold-20260526-camera0-run01,0,10,14,14,5,False,False
camera0-intensity-threshold-20260526-camera0-run01,0,4,14,14,6,False,False
camera0-intensity-threshold-20260526-camera0-run01,0,6,14,14,7,False,False
camera0-intensity-threshold-20260526-camera0-run01,0,32,14,14,8,False,True
camera0-intensity-threshold-20260526-camera0-run01,0,16,14,14,9,False,True
camera0-intensity-threshold-20260526-camera0-run01,0,2,14,14,10,False,False
camera0-intensity-threshold-20260526-camera0-run01,0,128,14,14,11,False,True
camera0-intensity-threshold-20260526-camera0-run01,0,48,14,14,12,False,True
camera0-intensity-threshold-20260526-camera0-run01,0,3,14,14,13,False,False
camera0-intensity-threshold-20260526-camera0-run01,0,0,14,14,14,True,False
camera0-intensity-threshold-20260526-camera0-run01,0,8,14,14,15,False,False
camera0-intensity-threshold-20260526-camera0-run01,0,5,14,14,16,False,False
camera0-intensity-threshold-20260526-camera0-run01,0,64,14,14,17,False,True
camera0-intensity-threshold-20260526-camera0-run01,0,32,15,15,1,False,True
camera0-intensity-threshold-20260526-camera0-run01,0,64,15,15,2,False,True
camera0-intensity-threshold-20260526-camera0-run01,0,0,15,15,3,True,False
camera0-intensity-threshold-20260526-camera0-run01,0,6,15,15,4,False,False
camera0-intensity-threshold-20260526-camera0-run01,0,4,15,15,5,False,False
camera0-intensity-threshold-20260526-camera0-run01,0,1,15,15,6,False,False
camera0-intensity-threshold-20260526-camera0-run01,0,7,15,15,7,False,False
camera0-intensity-threshold-20260526-camera0-run01,0,24,15,15,8,False,True
camera0-intensity-threshold-20260526-camera0-run01,0,10,15,15,9,False,False
camera0-intensity-threshold-20260526-camera0-run01,0,12,15,15,10,False,False
camera0-intensity-threshold-20260526-camera0-run01,0,8,15,15,11,False,False
camera0-intensity-threshold-20260526-camera0-run01,0,3,15,15,12,False,False
camera0-intensity-threshold-20260526-camera0-run01,0,5,15,15,13,False,False
camera0-intensity-threshold-20260526-camera0-run01,0,2,15,15,14,False,False
camera0-intensity-threshold-20260526-camera0-run01,0,48,15,15,15,False,True
camera0-intensity-threshold-20260526-camera0-run01,0,16,15,15,16,False,True
camera0-intensity-threshold-20260526-camera0-run01,0,128,15,15,17,False,True
camera0-intensity-threshold-20260526-camera0-run01,0,10,16,16,1,False,False
camera0-intensity-threshold-20260526-camera0-run01,0,3,16,16,2,False,False
camera0-intensity-threshold-20260526-camera0-run01,0,24,16,16,3,False,True
camera0-intensity-threshold-20260526-camera0-run01,0,64,16,16,4,False,True
camera0-intensity-threshold-20260526-camera0-run01,0,48,16,16,5,False,True
camera0-intensity-threshold-20260526-camera0-run01,0,1,16,16,6,False,False
camera0-intensity-threshold-20260526-camera0-run01,0,2,16,16,7,False,False
camera0-intensity-threshold-20260526-camera0-run01,0,32,16,16,8,False,True
camera0-intensity-threshold-20260526-camera0-run01,0,4,16,16,9,False,False
camera0-intensity-threshold-20260526-camera0-run01,0,12,16,16,10,False,False
camera0-intensity-threshold-20260526-camera0-run01,0,0,16,16,11,True,False
camera0-intensity-threshold-20260526-camera0-run01,0,16,16,16,12,False,True
camera0-intensity-threshold-20260526-camera0-run01,0,5,16,16,13,False,False
camera0-intensity-threshold-20260526-camera0-run01,0,128,16,16,14,False,True
camera0-intensity-threshold-20260526-camera0-run01,0,8,16,16,15,False,False
camera0-intensity-threshold-20260526-camera0-run01,0,6,16,16,16,False,False
camera0-intensity-threshold-20260526-camera0-run01,0,7,16,16,17,False,False
camera0-intensity-threshold-20260526-camera0-run01,0,10,17,17,1,False,False
camera0-intensity-threshold-20260526-camera0-run01,0,32,17,17,2,False,True
camera0-intensity-threshold-20260526-camera0-run01,0,64,17,17,3,False,True
camera0-intensity-threshold-20260526-camera0-run01,0,8,17,17,4,False,False
camera0-intensity-threshold-20260526-camera0-run01,0,0,17,17,5,True,False
camera0-intensity-threshold-20260526-camera0-run01,0,6,17,17,6,False,False
camera0-intensity-threshold-20260526-camera0-run01,0,4,17,17,7,False,False
camera0-intensity-threshold-20260526-camera0-run01,0,128,17,17,8,False,True
camera0-intensity-threshold-20260526-camera0-run01,0,12,17,17,9,False,False
camera0-intensity-threshold-20260526-camera0-run01,0,5,17,17,10,False,False
camera0-intensity-threshold-20260526-camera0-run01,0,24,17,17,11,False,True
camera0-intensity-threshold-20260526-camera0-run01,0,7,17,17,12,False,False
camera0-intensity-threshold-20260526-camera0-run01,0,48,17,17,13,False,True
camera0-intensity-threshold-20260526-camera0-run01,0,1,17,17,14,False,False
camera0-intensity-threshold-20260526-camera0-run01,0,3,17,17,15,False,False
camera0-intensity-threshold-20260526-camera0-run01,0,2,17,17,16,False,False
camera0-intensity-threshold-20260526-camera0-run01,0,16,17,17,17,False,True
camera0-intensity-threshold-20260526-camera0-run01,0,12,18,18,1,False,False
camera0-intensity-threshold-20260526-camera0-run01,0,1,18,18,2,False,False
camera0-intensity-threshold-20260526-camera0-run01,0,4,18,18,3,False,False
camera0-intensity-threshold-20260526-camera0-run01,0,0,18,18,4,True,False
camera0-intensity-threshold-20260526-camera0-run01,0,8,18,18,5,False,False
camera0-intensity-threshold-20260526-camera0-run01,0,5,18,18,6,False,False
camera0-intensity-threshold-20260526-camera0-run01,0,10,18,18,7,False,False
camera0-intensity-threshold-20260526-camera0-run01,0,32,18,18,8,False,True
camera0-intensity-threshold-20260526-camera0-run01,0,128,18,18,9,False,True
camera0-intensity-threshold-20260526-camera0-run01,0,7,18,18,10,False,False
camera0-intensity-threshold-20260526-camera0-run01,0,64,18,18,11,False,True
camera0-intensity-threshold-20260526-camera0-run01,0,16,18,18,12,False,True
camera0-intensity-threshold-20260526-camera0-run01,0,24,18,18,13,False,True
camera0-intensity-threshold-20260526-camera0-run01,0,6,18,18,14,False,False
camera0-intensity-threshold-20260526-camera0-run01,0,48,18,18,15,False,True
camera0-intensity-threshold-20260526-camera0-run01,0,3,18,18,16,False,False
camera0-intensity-threshold-20260526-camera0-run01,0,2,18,18,17,False,False
camera0-intensity-threshold-20260526-camera0-run01,0,8,19,19,1,False,False
camera0-intensity-threshold-20260526-camera0-run01,0,6,19,19,2,False,False
camera0-intensity-threshold-20260526-camera0-run01,0,7,19,19,3,False,False
camera0-intensity-threshold-20260526-camera0-run01,0,5,19,19,4,False,False
camera0-intensity-threshold-20260526-camera0-run01,0,32,19,19,5,False,True
camera0-intensity-threshold-20260526-camera0-run01,0,3,19,19,6,False,False
camera0-intensity-threshold-20260526-camera0-run01,0,4,19,19,7,False,False
camera0-intensity-threshold-20260526-camera0-run01,0,10,19,19,8,False,False
camera0-intensity-threshold-20260526-camera0-run01,0,0,19,19,9,True,False
camera0-intensity-threshold-20260526-camera0-run01,0,12,19,19,10,False,False
camera0-intensity-threshold-20260526-camera0-run01,0,64,19,19,11,False,True
camera0-intensity-threshold-20260526-camera0-run01,0,2,19,19,12,False,False
camera0-intensity-threshold-20260526-camera0-run01,0,128,19,19,13,False,True
camera0-intensity-threshold-20260526-camera0-run01,0,1,19,19,14,False,False
camera0-intensity-threshold-20260526-camera0-run01,0,16,19,19,15,False,True
camera0-intensity-threshold-20260526-camera0-run01,0,24,19,19,16,False,True
camera0-intensity-threshold-20260526-camera0-run01,0,48,19,19,17,False,True
camera0-intensity-threshold-20260526-camera0-run01,0,7,20,20,1,False,False
camera0-intensity-threshold-20260526-camera0-run01,0,6,20,20,2,False,False
camera0-intensity-threshold-20260526-camera0-run01,0,64,20,20,3,False,True
camera0-intensity-threshold-20260526-camera0-run01,0,32,20,20,4,False,True
camera0-intensity-threshold-20260526-camera0-run01,0,5,20,20,5,False,False
camera0-intensity-threshold-20260526-camera0-run01,0,10,20,20,6,False,False
camera0-intensity-threshold-20260526-camera0-run01,0,3,20,20,7,False,False
camera0-intensity-threshold-20260526-camera0-run01,0,2,20,20,8,False,False
camera0-intensity-threshold-20260526-camera0-run01,0,8,20,20,9,False,False
camera0-intensity-threshold-20260526-camera0-run01,0,1,20,20,10,False,False
camera0-intensity-threshold-20260526-camera0-run01,0,12,20,20,11,False,False
camera0-intensity-threshold-20260526-camera0-run01,0,16,20,20,12,False,True
camera0-intensity-threshold-20260526-camera0-run01,0,24,20,20,13,False,True
camera0-intensity-threshold-20260526-camera0-run01,0,48,20,20,14,False,True
camera0-intensity-threshold-20260526-camera0-run01,0,0,20,20,15,True,False
camera0-intensity-threshold-20260526-camera0-run01,0,128,20,20,16,False,True
camera0-intensity-threshold-20260526-camera0-run01,0,4,20,20,17,False,False
camera0-intensity-threshold-20260526-camera0-run01,0,1,21,21,1,False,False
camera0-intensity-threshold-20260526-camera0-run01,0,64,21,21,2,False,True
camera0-intensity-threshold-20260526-camera0-run01,0,32,21,21,3,False,True
camera0-intensity-threshold-20260526-camera0-run01,0,16,21,21,4,False,True
camera0-intensity-threshold-20260526-camera0-run01,0,3,21,21,5,False,False
camera0-intensity-threshold-20260526-camera0-run01,0,12,21,21,6,False,False
camera0-intensity-threshold-20260526-camera0-run01,0,48,21,21,7,False,True
camera0-intensity-threshold-20260526-camera0-run01,0,0,21,21,8,True,False
camera0-intensity-threshold-20260526-camera0-run01,0,2,21,21,9,False,False
camera0-intensity-threshold-20260526-camera0-run01,0,6,21,21,10,False,False
camera0-intensity-threshold-20260526-camera0-run01,0,8,21,21,11,False,False
camera0-intensity-threshold-20260526-camera0-run01,0,4,21,21,12,False,False
camera0-intensity-threshold-20260526-camera0-run01,0,5,21,21,13,False,False
camera0-intensity-threshold-20260526-camera0-run01,0,128,21,21,14,False,True
camera0-intensity-threshold-20260526-camera0-run01,0,24,21,21,15,False,True
camera0-intensity-threshold-20260526-camera0-run01,0,7,21,21,16,False,False
camera0-intensity-threshold-20260526-camera0-run01,0,10,21,21,17,False,False
camera0-intensity-threshold-20260526-camera0-run01,0,6,22,22,1,False,False
camera0-intensity-threshold-20260526-camera0-run01,0,5,22,22,2,False,False
camera0-intensity-threshold-20260526-camera0-run01,0,48,22,22,3,False,True
camera0-intensity-threshold-20260526-camera0-run01,0,12,22,22,4,False,False
camera0-intensity-threshold-20260526-camera0-run01,0,128,22,22,5,False,True
camera0-intensity-threshold-20260526-camera0-run01,0,3,22,22,6,False,False
camera0-intensity-threshold-20260526-camera0-run01,0,1,22,22,7,False,False
camera0-intensity-threshold-20260526-camera0-run01,0,8,22,22,8,False,False
camera0-intensity-threshold-20260526-camera0-run01,0,16,22,22,9,False,True
camera0-intensity-threshold-20260526-camera0-run01,0,64,22,22,10,False,True
camera0-intensity-threshold-20260526-camera0-run01,0,10,22,22,11,False,False
camera0-intensity-threshold-20260526-camera0-run01,0,2,22,22,12,False,False
camera0-intensity-threshold-20260526-camera0-run01,0,24,22,22,13,False,True
camera0-intensity-threshold-20260526-camera0-run01,0,7,22,22,14,False,False
camera0-intensity-threshold-20260526-camera0-run01,0,32,22,22,15,False,True
camera0-intensity-threshold-20260526-camera0-run01,0,0,22,22,16,True,False
camera0-intensity-threshold-20260526-camera0-run01,0,4,22,22,17,False,False
camera0-intensity-threshold-20260526-camera0-run01,0,32,23,23,1,False,True
camera0-intensity-threshold-20260526-camera0-run01,0,5,23,23,2,False,False
camera0-intensity-threshold-20260526-camera0-run01,0,2,23,23,3,False,False
camera0-intensity-threshold-20260526-camera0-run01,0,16,23,23,4,False,True
camera0-intensity-threshold-20260526-camera0-run01,0,7,23,23,5,False,False
camera0-intensity-threshold-20260526-camera0-run01,0,6,23,23,6,False,False
camera0-intensity-threshold-20260526-camera0-run01,0,128,23,23,7,False,True
camera0-intensity-threshold-20260526-camera0-run01,0,4,23,23,8,False,False
camera0-intensity-threshold-20260526-camera0-run01,0,10,23,23,9,False,False
camera0-intensity-threshold-20260526-camera0-run01,0,3,23,23,10,False,False
camera0-intensity-threshold-20260526-camera0-run01,0,0,23,23,11,True,False
camera0-intensity-threshold-20260526-camera0-run01,0,8,23,23,12,False,False
camera0-intensity-threshold-20260526-camera0-run01,0,1,23,23,13,False,False
camera0-intensity-threshold-20260526-camera0-run01,0,48,23,23,14,False,True
camera0-intensity-threshold-20260526-camera0-run01,0,24,23,23,15,False,True
camera0-intensity-threshold-20260526-camera0-run01,0,64,23,23,16,False,True
camera0-intensity-threshold-20260526-camera0-run01,0,12,23,23,17,False,False
camera0-intensity-threshold-20260526-camera0-run01,0,0,24,24,1,True,False
camera0-intensity-threshold-20260526-camera0-run01,0,64,24,24,2,False,True
camera0-intensity-threshold-20260526-camera0-run01,0,128,24,24,3,False,True
camera0-intensity-threshold-20260526-camera0-run01,0,1,24,24,4,False,False
camera0-intensity-threshold-20260526-camera0-run01,0,16,24,24,5,False,True
camera0-intensity-threshold-20260526-camera0-run01,0,6,24,24,6,False,False
camera0-intensity-threshold-20260526-camera0-run01,0,12,24,24,7,False,False
camera0-intensity-threshold-20260526-camera0-run01,0,7,24,24,8,False,False
camera0-intensity-threshold-20260526-camera0-run01,0,4,24,24,9,False,False
camera0-intensity-threshold-20260526-camera0-run01,0,3,24,24,10,False,False
camera0-intensity-threshold-20260526-camera0-run01,0,24,24,24,11,False,True
camera0-intensity-threshold-20260526-camera0-run01,0,32,24,24,12,False,True
camera0-intensity-threshold-20260526-camera0-run01,0,8,24,24,13,False,False
camera0-intensity-threshold-20260526-camera0-run01,0,10,24,24,14,False,False
camera0-intensity-threshold-20260526-camera0-run01,0,5,24,24,15,False,False
camera0-intensity-threshold-20260526-camera0-run01,0,48,24,24,16,False,True
camera0-intensity-threshold-20260526-camera0-run01,0,2,24,24,17,False,False
camera0-intensity-threshold-20260526-camera0-run01,0,4,25,25,1,False,False
camera0-intensity-threshold-20260526-camera0-run01,0,16,25,25,2,False,True
camera0-intensity-threshold-20260526-camera0-run01,0,10,25,25,3,False,False
camera0-intensity-threshold-20260526-camera0-run01,0,64,25,25,4,False,True
camera0-intensity-threshold-20260526-camera0-run01,0,8,25,25,5,False,False
camera0-intensity-threshold-20260526-camera0-run01,0,0,25,25,6,True,False
camera0-intensity-threshold-20260526-camera0-run01,0,12,25,25,7,False,False
camera0-intensity-threshold-20260526-camera0-run01,0,3,25,25,8,False,False
camera0-intensity-threshold-20260526-camera0-run01,0,24,25,25,9,False,True
camera0-intensity-threshold-20260526-camera0-run01,0,5,25,25,10,False,False
camera0-intensity-threshold-20260526-camera0-run01,0,7,25,25,11,False,False
camera0-intensity-threshold-20260526-camera0-run01,0,32,25,25,12,False,True
camera0-intensity-threshold-20260526-camera0-run01,0,1,25,25,13,False,False
camera0-intensity-threshold-20260526-camera0-run01,0,128,25,25,14,False,True
camera0-intensity-threshold-20260526-camera0-run01,0,2,25,25,15,False,False
camera0-intensity-threshold-20260526-camera0-run01,0,48,25,25,16,False,True
camera0-intensity-threshold-20260526-camera0-run01,0,6,25,25,17,False,False
camera0-intensity-threshold-20260526-camera0-run01,0,0,26,26,1,True,False
camera0-intensity-threshold-20260526-camera0-run01,0,48,26,26,2,False,True
camera0-intensity-threshold-20260526-camera0-run01,0,8,26,26,3,False,False
camera0-intensity-threshold-20260526-camera0-run01,0,128,26,26,4,False,True
camera0-intensity-threshold-20260526-camera0-run01,0,10,26,26,5,False,False
camera0-intensity-threshold-20260526-camera0-run01,0,12,26,26,6,False,False
camera0-intensity-threshold-20260526-camera0-run01,0,5,26,26,7,False,False
camera0-intensity-threshold-20260526-camera0-run01,0,32,26,26,8,False,True
camera0-intensity-threshold-20260526-camera0-run01,0,24,26,26,9,False,True
camera0-intensity-threshold-20260526-camera0-run01,0,6,26,26,10,False,False
camera0-intensity-threshold-20260526-camera0-run01,0,1,26,26,11,False,False
camera0-intensity-threshold-20260526-camera0-run01,0,3,26,26,12,False,False
camera0-intensity-threshold-20260526-camera0-run01,0,7,26,26,13,False,False
camera0-intensity-threshold-20260526-camera0-run01,0,2,26,26,14,False,False
camera0-intensity-threshold-20260526-camera0-run01,0,64,26,26,15,False,True
camera0-intensity-threshold-20260526-camera0-run01,0,4,26,26,16,False,False
camera0-intensity-threshold-20260526-camera0-run01,0,16,26,26,17,False,True
camera0-intensity-threshold-20260526-camera0-run01,0,4,27,27,1,False,False
camera0-intensity-threshold-20260526-camera0-run01,0,2,27,27,2,False,False
camera0-intensity-threshold-20260526-camera0-run01,0,16,27,27,3,False,True
camera0-intensity-threshold-20260526-camera0-run01,0,6,27,27,4,False,False
camera0-intensity-threshold-20260526-camera0-run01,0,10,27,27,5,False,False
camera0-intensity-threshold-20260526-camera0-run01,0,8,27,27,6,False,False
camera0-intensity-threshold-20260526-camera0-run01,0,48,27,27,7,False,True
camera0-intensity-threshold-20260526-camera0-run01,0,7,27,27,8,False,False
camera0-intensity-threshold-20260526-camera0-run01,0,128,27,27,9,False,True
camera0-intensity-threshold-20260526-camera0-run01,0,0,27,27,10,True,False
camera0-intensity-threshold-20260526-camera0-run01,0,24,27,27,11,False,True
camera0-intensity-threshold-20260526-camera0-run01,0,1,27,27,12,False,False
camera0-intensity-threshold-20260526-camera0-run01,0,64,27,27,13,False,True
camera0-intensity-threshold-20260526-camera0-run01,0,5,27,27,14,False,False
camera0-intensity-threshold-20260526-camera0-run01,0,3,27,27,15,False,False
camera0-intensity-threshold-20260526-camera0-run01,0,32,27,27,16,False,True
camera0-intensity-threshold-20260526-camera0-run01,0,12,27,27,17,False,False
camera0-intensity-threshold-20260526-camera0-run01,0,7,28,28,1,False,False
camera0-intensity-threshold-20260526-camera0-run01,0,8,28,28,2,False,False
camera0-intensity-threshold-20260526-camera0-run01,0,32,28,28,3,False,True
camera0-intensity-threshold-20260526-camera0-run01,0,5,28,28,4,False,False
camera0-intensity-threshold-20260526-camera0-run01,0,64,28,28,5,False,True
camera0-intensity-threshold-20260526-camera0-run01,0,12,28,28,6,False,False
camera0-intensity-threshold-20260526-camera0-run01,0,6,28,28,7,False,False
camera0-intensity-threshold-20260526-camera0-run01,0,0,28,28,8,True,False
camera0-intensity-threshold-20260526-camera0-run01,0,10,28,28,9,False,False
camera0-intensity-threshold-20260526-camera0-run01,0,4,28,28,10,False,False
camera0-intensity-threshold-20260526-camera0-run01,0,16,28,28,11,False,True
camera0-intensity-threshold-20260526-camera0-run01,0,48,28,28,12,False,True
camera0-intensity-threshold-20260526-camera0-run01,0,3,28,28,13,False,False
camera0-intensity-threshold-20260526-camera0-run01,0,24,28,28,14,False,True
camera0-intensity-threshold-20260526-camera0-run01,0,1,28,28,15,False,False
camera0-intensity-threshold-20260526-camera0-run01,0,2,28,28,16,False,False
camera0-intensity-threshold-20260526-camera0-run01,0,128,28,28,17,False,True
camera0-intensity-threshold-20260526-camera0-run01,0,2,29,29,1,False,False
camera0-intensity-threshold-20260526-camera0-run01,0,32,29,29,2,False,True
camera0-intensity-threshold-20260526-camera0-run01,0,16,29,29,3,False,True
camera0-intensity-threshold-20260526-camera0-run01,0,3,29,29,4,False,False
camera0-intensity-threshold-20260526-camera0-run01,0,128,29,29,5,False,True
camera0-intensity-threshold-20260526-camera0-run01,0,12,29,29,6,False,False
camera0-intensity-threshold-20260526-camera0-run01,0,6,29,29,7,False,False
camera0-intensity-threshold-20260526-camera0-run01,0,0,29,29,8,True,False
camera0-intensity-threshold-20260526-camera0-run01,0,64,29,29,9,False,True
camera0-intensity-threshold-20260526-camera0-run01,0,1,29,29,10,False,False
camera0-intensity-threshold-20260526-camera0-run01,0,5,29,29,11,False,False
camera0-intensity-threshold-20260526-camera0-run01,0,7,29,29,12,False,False
camera0-intensity-threshold-20260526-camera0-run01,0,10,29,29,13,False,False
camera0-intensity-threshold-20260526-camera0-run01,0,48,29,29,14,False,True
camera0-intensity-threshold-20260526-camera0-run01,0,8,29,29,15,False,False
camera0-intensity-threshold-20260526-camera0-run01,0,4,29,29,16,False,False
camera0-intensity-threshold-20260526-camera0-run01,0,24,29,29,17,False,True
camera0-intensity-threshold-20260526-camera0-run01,0,8,30,30,1,False,False
camera0-intensity-threshold-20260526-camera0-run01,0,5,30,30,2,False,False
camera0-intensity-threshold-20260526-camera0-run01,0,7,30,30,3,False,False
camera0-intensity-threshold-20260526-camera0-run01,0,6,30,30,4,False,False
camera0-intensity-threshold-20260526-camera0-run01,0,64,30,30,5,False,True
camera0-intensity-threshold-20260526-camera0-run01,0,128,30,30,6,False,True
camera0-intensity-threshold-20260526-camera0-run01,0,12,30,30,7,False,False
camera0-intensity-threshold-20260526-camera0-run01,0,16,30,30,8,False,True
camera0-intensity-threshold-20260526-camera0-run01,0,32,30,30,9,False,True
camera0-intensity-threshold-20260526-camera0-run01,0,48,30,30,10,False,True
camera0-intensity-threshold-20260526-camera0-run01,0,3,30,30,11,False,False
camera0-intensity-threshold-20260526-camera0-run01,0,10,30,30,12,False,False
camera0-intensity-threshold-20260526-camera0-run01,0,1,30,30,13,False,False
camera0-intensity-threshold-20260526-camera0-run01,0,4,30,30,14,False,False
camera0-intensity-threshold-20260526-camera0-run01,0,24,30,30,15,False,True
camera0-intensity-threshold-20260526-camera0-run01,0,2,30,30,16,False,False
camera0-intensity-threshold-20260526-camera0-run01,0,0,30,30,17,True,False
camera0-intensity-threshold-20260526-camera0-run01,0,5,31,31,1,False,False
camera0-intensity-threshold-20260526-camera0-run01,0,16,31,31,2,False,True
camera0-intensity-threshold-20260526-camera0-run01,0,6,31,31,3,False,False
camera0-intensity-threshold-20260526-camera0-run01,0,10,31,31,4,False,False
camera0-intensity-threshold-20260526-camera0-run01,0,12,31,31,5,False,False
camera0-intensity-threshold-20260526-camera0-run01,0,48,31,31,6,False,True
camera0-intensity-threshold-20260526-camera0-run01,0,64,31,31,7,False,True
camera0-intensity-threshold-20260526-camera0-run01,0,8,31,31,8,False,False
camera0-intensity-threshold-20260526-camera0-run01,0,24,31,31,9,False,True
camera0-intensity-threshold-20260526-camera0-run01,0,3,31,31,10,False,False
camera0-intensity-threshold-20260526-camera0-run01,0,32,31,31,11,False,True
camera0-intensity-threshold-20260526-camera0-run01,0,0,31,31,12,True,False
camera0-intensity-threshold-20260526-camera0-run01,0,4,31,31,13,False,False
camera0-intensity-threshold-20260526-camera0-run01,0,2,31,31,14,False,False
camera0-intensity-threshold-20260526-camera0-run01,0,128,31,31,15,False,True
camera0-intensity-threshold-20260526-camera0-run01,0,7,31,31,16,False,False
camera0-intensity-threshold-20260526-camera0-run01,0,1,31,31,17,False,False
camera0-intensity-threshold-20260526-camera0-run01,0,2,32,32,1,False,False
camera0-intensity-threshold-20260526-camera0-run01,0,6,32,32,2,False,False
camera0-intensity-threshold-20260526-camera0-run01,0,10,32,32,3,False,False
camera0-intensity-threshold-20260526-camera0-run01,0,5,32,32,4,False,False
camera0-intensity-threshold-20260526-camera0-run01,0,1,32,32,5,False,False
camera0-intensity-threshold-20260526-camera0-run01,0,7,32,32,6,False,False
camera0-intensity-threshold-20260526-camera0-run01,0,48,32,32,7,False,True
camera0-intensity-threshold-20260526-camera0-run01,0,3,32,32,8,False,False
camera0-intensity-threshold-20260526-camera0-run01,0,128,32,32,9,False,True
camera0-intensity-threshold-20260526-camera0-run01,0,12,32,32,10,False,False
camera0-intensity-threshold-20260526-camera0-run01,0,64,32,32,11,False,True
camera0-intensity-threshold-20260526-camera0-run01,0,32,32,32,12,False,True
camera0-intensity-threshold-20260526-camera0-run01,0,4,32,32,13,False,False
camera0-intensity-threshold-20260526-camera0-run01,0,0,32,32,14,True,False
camera0-intensity-threshold-20260526-camera0-run01,0,24,32,32,15,False,True
camera0-intensity-threshold-20260526-camera0-run01,0,16,32,32,16,False,True
camera0-intensity-threshold-20260526-camera0-run01,0,8,32,32,17,False,False
camera0-intensity-threshold-20260526-camera0-run01,0,6,33,33,1,False,False
camera0-intensity-threshold-20260526-camera0-run01,0,10,33,33,2,False,False
camera0-intensity-threshold-20260526-camera0-run01,0,32,33,33,3,False,True
camera0-intensity-threshold-20260526-camera0-run01,0,1,33,33,4,False,False
camera0-intensity-threshold-20260526-camera0-run01,0,0,33,33,5,True,False
camera0-intensity-threshold-20260526-camera0-run01,0,7,33,33,6,False,False
camera0-intensity-threshold-20260526-camera0-run01,0,48,33,33,7,False,True
camera0-intensity-threshold-20260526-camera0-run01,0,2,33,33,8,False,False
camera0-intensity-threshold-20260526-camera0-run01,0,12,33,33,9,False,False
camera0-intensity-threshold-20260526-camera0-run01,0,5,33,33,10,False,False
camera0-intensity-threshold-20260526-camera0-run01,0,128,33,33,11,False,True
camera0-intensity-threshold-20260526-camera0-run01,0,3,33,33,12,False,False
camera0-intensity-threshold-20260526-camera0-run01,0,16,33,33,13,False,True
camera0-intensity-threshold-20260526-camera0-run01,0,4,33,33,14,False,False
camera0-intensity-threshold-20260526-camera0-run01,0,8,33,33,15,False,False
camera0-intensity-threshold-20260526-camera0-run01,0,24,33,33,16,False,True
camera0-intensity-threshold-20260526-camera0-run01,0,64,33,33,17,False,True
camera0-intensity-threshold-20260526-camera0-run01,0,24,34,34,1,False,True
camera0-intensity-threshold-20260526-camera0-run01,0,16,34,34,2,False,True
camera0-intensity-threshold-20260526-camera0-run01,0,10,34,34,3,False,False
camera0-intensity-threshold-20260526-camera0-run01,0,7,34,34,4,False,False
camera0-intensity-threshold-20260526-camera0-run01,0,64,34,34,5,False,True
camera0-intensity-threshold-20260526-camera0-run01,0,48,34,34,6,False,True
camera0-intensity-threshold-20260526-camera0-run01,0,5,34,34,7,False,False
camera0-intensity-threshold-20260526-camera0-run01,0,3,34,34,8,False,False
camera0-intensity-threshold-20260526-camera0-run01,0,4,34,34,9,False,False
camera0-intensity-threshold-20260526-camera0-run01,0,128,34,34,10,False,True
camera0-intensity-threshold-20260526-camera0-run01,0,6,34,34,11,False,False
camera0-intensity-threshold-20260526-camera0-run01,0,12,34,34,12,False,False
camera0-intensity-threshold-20260526-camera0-run01,0,1,34,34,13,False,False
camera0-intensity-threshold-20260526-camera0-run01,0,0,34,34,14,True,False
camera0-intensity-threshold-20260526-camera0-run01,0,2,34,34,15,False,False
camera0-intensity-threshold-20260526-camera0-run01,0,32,34,34,16,False,True
camera0-intensity-threshold-20260526-camera0-run01,0,8,34,34,17,False,False
camera0-intensity-threshold-20260526-camera0-run01,0,32,35,35,1,False,True
camera0-intensity-threshold-20260526-camera0-run01,0,12,35,35,2,False,False
camera0-intensity-threshold-20260526-camera0-run01,0,7,35,35,3,False,False
camera0-intensity-threshold-20260526-camera0-run01,0,10,35,35,4,False,False
camera0-intensity-threshold-20260526-camera0-run01,0,6,35,35,5,False,False
camera0-intensity-threshold-20260526-camera0-run01,0,1,35,35,6,False,False
camera0-intensity-threshold-20260526-camera0-run01,0,2,35,35,7,False,False
camera0-intensity-threshold-20260526-camera0-run01,0,64,35,35,8,False,True
camera0-intensity-threshold-20260526-camera0-run01,0,3,35,35,9,False,False
camera0-intensity-threshold-20260526-camera0-run01,0,16,35,35,10,False,True
camera0-intensity-threshold-20260526-camera0-run01,0,128,35,35,11,False,True
camera0-intensity-threshold-20260526-camera0-run01,0,24,35,35,12,False,True
camera0-intensity-threshold-20260526-camera0-run01,0,5,35,35,13,False,False
camera0-intensity-threshold-20260526-camera0-run01,0,4,35,35,14,False,False
camera0-intensity-threshold-20260526-camera0-run01,0,0,35,35,15,True,False
camera0-intensity-threshold-20260526-camera0-run01,0,48,35,35,16,False,True
camera0-intensity-threshold-20260526-camera0-run01,0,8,35,35,17,False,False
camera0-intensity-threshold-20260526-camera0-run01,0,5,36,36,1,False,False
camera0-intensity-threshold-20260526-camera0-run01,0,32,36,36,2,False,True
camera0-intensity-threshold-20260526-camera0-run01,0,10,36,36,3,False,False
camera0-intensity-threshold-20260526-camera0-run01,0,1,36,36,4,False,False
camera0-intensity-threshold-20260526-camera0-run01,0,6,36,36,5,False,False
camera0-intensity-threshold-20260526-camera0-run01,0,64,36,36,6,False,True
camera0-intensity-threshold-20260526-camera0-run01,0,48,36,36,7,False,True
camera0-intensity-threshold-20260526-camera0-run01,0,0,36,36,8,True,False
camera0-intensity-threshold-20260526-camera0-run01,0,128,36,36,9,False,True
camera0-intensity-threshold-20260526-camera0-run01,0,16,36,36,10,False,True
camera0-intensity-threshold-20260526-camera0-run01,0,3,36,36,11,False,False
camera0-intensity-threshold-20260526-camera0-run01,0,12,36,36,12,False,False
camera0-intensity-threshold-20260526-camera0-run01,0,8,36,36,13,False,False
camera0-intensity-threshold-20260526-camera0-run01,0,4,36,36,14,False,False
camera0-intensity-threshold-20260526-camera0-run01,0,7,36,36,15,False,False
camera0-intensity-threshold-20260526-camera0-run01,0,2,36,36,16,False,False
camera0-intensity-threshold-20260526-camera0-run01,0,24,36,36,17,False,True
camera0-intensity-threshold-20260526-camera0-run01,0,64,37,37,1,False,True
camera0-intensity-threshold-20260526-camera0-run01,0,7,37,37,2,False,False
camera0-intensity-threshold-20260526-camera0-run01,0,128,37,37,3,False,True
camera0-intensity-threshold-20260526-camera0-run01,0,16,37,37,4,False,True
camera0-intensity-threshold-20260526-camera0-run01,0,32,37,37,5,False,True
camera0-intensity-threshold-20260526-camera0-run01,0,6,37,37,6,False,False
camera0-intensity-threshold-20260526-camera0-run01,0,5,37,37,7,False,False
camera0-intensity-threshold-20260526-camera0-run01,0,2,37,37,8,False,False
camera0-intensity-threshold-20260526-camera0-run01,0,8,37,37,9,False,False
camera0-intensity-threshold-20260526-camera0-run01,0,10,37,37,10,False,False
camera0-intensity-threshold-20260526-camera0-run01,0,1,37,37,11,False,False
camera0-intensity-threshold-20260526-camera0-run01,0,3,37,37,12,False,False
camera0-intensity-threshold-20260526-camera0-run01,0,12,37,37,13,False,False
camera0-intensity-threshold-20260526-camera0-run01,0,48,37,37,14,False,True
camera0-intensity-threshold-20260526-camera0-run01,0,4,37,37,15,False,False
camera0-intensity-threshold-20260526-camera0-run01,0,0,37,37,16,True,False
camera0-intensity-threshold-20260526-camera0-run01,0,24,37,37,17,False,True
camera0-intensity-threshold-20260526-camera0-run01,0,1,38,38,1,False,False
camera0-intensity-threshold-20260526-camera0-run01,0,3,38,38,2,False,False
camera0-intensity-threshold-20260526-camera0-run01,0,7,38,38,3,False,False
camera0-intensity-threshold-20260526-camera0-run01,0,24,38,38,4,False,True
camera0-intensity-threshold-20260526-camera0-run01,0,5,38,38,5,False,False
camera0-intensity-threshold-20260526-camera0-run01,0,32,38,38,6,False,True
camera0-intensity-threshold-20260526-camera0-run01,0,128,38,38,7,False,True
camera0-intensity-threshold-20260526-camera0-run01,0,48,38,38,8,False,True
camera0-intensity-threshold-20260526-camera0-run01,0,6,38,38,9,False,False
camera0-intensity-threshold-20260526-camera0-run01,0,8,38,38,10,False,False
camera0-intensity-threshold-20260526-camera0-run01,0,0,38,38,11,True,False
camera0-intensity-threshold-20260526-camera0-run01,0,2,38,38,12,False,False
camera0-intensity-threshold-20260526-camera0-run01,0,12,38,38,13,False,False
camera0-intensity-threshold-20260526-camera0-run01,0,64,38,38,14,False,True
camera0-intensity-threshold-20260526-camera0-run01,0,16,38,38,15,False,True
camera0-intensity-threshold-20260526-camera0-run01,0,10,38,38,16,False,False
camera0-intensity-threshold-20260526-camera0-run01,0,4,38,38,17,False,False
camera0-intensity-threshold-20260526-camera0-run01,0,10,39,39,1,False,False
camera0-intensity-threshold-20260526-camera0-run01,0,32,39,39,2,False,True
camera0-intensity-threshold-20260526-camera0-run01,0,3,39,39,3,False,False
camera0-intensity-threshold-20260526-camera0-run01,0,24,39,39,4,False,True
camera0-intensity-threshold-20260526-camera0-run01,0,4,39,39,5,False,False
camera0-intensity-threshold-20260526-camera0-run01,0,8,39,39,6,False,False
camera0-intensity-threshold-20260526-camera0-run01,0,16,39,39,7,False,True
camera0-intensity-threshold-20260526-camera0-run01,0,48,39,39,8,False,True
camera0-intensity-threshold-20260526-camera0-run01,0,7,39,39,9,False,False
camera0-intensity-threshold-20260526-camera0-run01,0,6,39,39,10,False,False
camera0-intensity-threshold-20260526-camera0-run01,0,1,39,39,11,False,False
camera0-intensity-threshold-20260526-camera0-run01,0,5,39,39,12,False,False
camera0-intensity-threshold-20260526-camera0-run01,0,12,39,39,13,False,False
camera0-intensity-threshold-20260526-camera0-run01,0,128,39,39,14,False,True
camera0-intensity-threshold-20260526-camera0-run01,0,64,39,39,15,False,True
camera0-intensity-threshold-20260526-camera0-run01,0,0,39,39,16,True,False
camera0-intensity-threshold-20260526-camera0-run01,0,2,39,39,17,False,False
camera0-intensity-threshold-20260526-camera0-run01,0,4,40,40,1,False,False
camera0-intensity-threshold-20260526-camera0-run01,0,7,40,40,2,False,False
camera0-intensity-threshold-20260526-camera0-run01,0,128,40,40,3,False,True
camera0-intensity-threshold-20260526-camera0-run01,0,2,40,40,4,False,False
camera0-intensity-threshold-20260526-camera0-run01,0,3,40,40,5,False,False
camera0-intensity-threshold-20260526-camera0-run01,0,6,40,40,6,False,False
camera0-intensity-threshold-20260526-camera0-run01,0,5,40,40,7,False,False
camera0-intensity-threshold-20260526-camera0-run01,0,10,40,40,8,False,False
camera0-intensity-threshold-20260526-camera0-run01,0,12,40,40,9,False,False
camera0-intensity-threshold-20260526-camera0-run01,0,32,40,40,10,False,True
camera0-intensity-threshold-20260526-camera0-run01,0,64,40,40,11,False,True
camera0-intensity-threshold-20260526-camera0-run01,0,8,40,40,12,False,False
camera0-intensity-threshold-20260526-camera0-run01,0,16,40,40,13,False,True
camera0-intensity-threshold-20260526-camera0-run01,0,1,40,40,14,False,False
camera0-intensity-threshold-20260526-camera0-run01,0,24,40,40,15,False,True
camera0-intensity-threshold-20260526-camera0-run01,0,48,40,40,16,False,True
camera0-intensity-threshold-20260526-camera0-run01,0,0,40,40,17,True,False
camera0-intensity-threshold-20260526-camera0-run01,0,48,41,41,1,False,True
camera0-intensity-threshold-20260526-camera0-run01,0,10,41,41,2,False,False
camera0-intensity-threshold-20260526-camera0-run01,0,4,41,41,3,False,False
camera0-intensity-threshold-20260526-camera0-run01,0,8,41,41,4,False,False
camera0-intensity-threshold-20260526-camera0-run01,0,0,41,41,5,True,False
camera0-intensity-threshold-20260526-camera0-run01,0,2,41,41,6,False,False
camera0-intensity-threshold-20260526-camera0-run01,0,5,41,41,7,False,False
camera0-intensity-threshold-20260526-camera0-run01,0,24,41,41,8,False,True
camera0-intensity-threshold-20260526-camera0-run01,0,1,41,41,9,False,False
camera0-intensity-threshold-20260526-camera0-run01,0,64,41,41,10,False,True
camera0-intensity-threshold-20260526-camera0-run01,0,32,41,41,11,False,True
camera0-intensity-threshold-20260526-camera0-run01,0,128,41,41,12,False,True
camera0-intensity-threshold-20260526-camera0-run01,0,12,41,41,13,False,False
camera0-intensity-threshold-20260526-camera0-run01,0,16,41,41,14,False,True
camera0-intensity-threshold-20260526-camera0-run01,0,3,41,41,15,False,False
camera0-intensity-threshold-20260526-camera0-run01,0,6,41,41,16,False,False
camera0-intensity-threshold-20260526-camera0-run01,0,7,41,41,17,False,False
camera0-intensity-threshold-20260526-camera0-run01,0,1,42,42,1,False,False
camera0-intensity-threshold-20260526-camera0-run01,0,5,42,42,2,False,False
camera0-intensity-threshold-20260526-camera0-run01,0,24,42,42,3,False,True
camera0-intensity-threshold-20260526-camera0-run01,0,64,42,42,4,False,True
camera0-intensity-threshold-20260526-camera0-run01,0,6,42,42,5,False,False
camera0-intensity-threshold-20260526-camera0-run01,0,7,42,42,6,False,False
camera0-intensity-threshold-20260526-camera0-run01,0,3,42,42,7,False,False
camera0-intensity-threshold-20260526-camera0-run01,0,0,42,42,8,True,False
camera0-intensity-threshold-20260526-camera0-run01,0,2,42,42,9,False,False
camera0-intensity-threshold-20260526-camera0-run01,0,48,42,42,10,False,True
camera0-intensity-threshold-20260526-camera0-run01,0,10,42,42,11,False,False
camera0-intensity-threshold-20260526-camera0-run01,0,4,42,42,12,False,False
camera0-intensity-threshold-20260526-camera0-run01,0,32,42,42,13,False,True
camera0-intensity-threshold-20260526-camera0-run01,0,16,42,42,14,False,True
camera0-intensity-threshold-20260526-camera0-run01,0,128,42,42,15,False,True
camera0-intensity-threshold-20260526-camera0-run01,0,8,42,42,16,False,False
camera0-intensity-threshold-20260526-camera0-run01,0,12,42,42,17,False,False
camera0-intensity-threshold-20260526-camera0-run01,0,128,43,43,1,False,True
camera0-intensity-threshold-20260526-camera0-run01,0,3,43,43,2,False,False
camera0-intensity-threshold-20260526-camera0-run01,0,5,43,43,3,False,False
camera0-intensity-threshold-20260526-camera0-run01,0,0,43,43,4,True,False
camera0-intensity-threshold-20260526-camera0-run01,0,2,43,43,5,False,False
camera0-intensity-threshold-20260526-camera0-run01,0,24,43,43,6,False,True
camera0-intensity-threshold-20260526-camera0-run01,0,32,43,43,7,False,True
camera0-intensity-threshold-20260526-camera0-run01,0,1,43,43,8,False,False
camera0-intensity-threshold-20260526-camera0-run01,0,10,43,43,9,False,False
camera0-intensity-threshold-20260526-camera0-run01,0,12,43,43,10,False,False
camera0-intensity-threshold-20260526-camera0-run01,0,7,43,43,11,False,False
camera0-intensity-threshold-20260526-camera0-run01,0,48,43,43,12,False,True
camera0-intensity-threshold-20260526-camera0-run01,0,8,43,43,13,False,False
camera0-intensity-threshold-20260526-camera0-run01,0,16,43,43,14,False,True
camera0-intensity-threshold-20260526-camera0-run01,0,4,43,43,15,False,False
camera0-intensity-threshold-20260526-camera0-run01,0,64,43,43,16,False,True
camera0-intensity-threshold-20260526-camera0-run01,0,6,43,43,17,False,False
camera0-intensity-threshold-20260526-camera0-run01,0,5,44,44,1,False,False
camera0-intensity-threshold-20260526-camera0-run01,0,16,44,44,2,False,True
camera0-intensity-threshold-20260526-camera0-run01,0,2,44,44,3,False,False
camera0-intensity-threshold-20260526-camera0-run01,0,64,44,44,4,False,True
camera0-intensity-threshold-20260526-camera0-run01,0,128,44,44,5,False,True
camera0-intensity-threshold-20260526-camera0-run01,0,12,44,44,6,False,False
camera0-intensity-threshold-20260526-camera0-run01,0,0,44,44,7,True,False
camera0-intensity-threshold-20260526-camera0-run01,0,24,44,44,8,False,True
camera0-intensity-threshold-20260526-camera0-run01,0,3,44,44,9,False,False
camera0-intensity-threshold-20260526-camera0-run01,0,6,44,44,10,False,False
camera0-intensity-threshold-20260526-camera0-run01,0,4,44,44,11,False,False
camera0-intensity-threshold-20260526-camera0-run01,0,7,44,44,12,False,False
camera0-intensity-threshold-20260526-camera0-run01,0,8,44,44,13,False,False
camera0-intensity-threshold-20260526-camera0-run01,0,32,44,44,14,False,True
camera0-intensity-threshold-20260526-camera0-run01,0,1,44,44,15,False,False
camera0-intensity-threshold-20260526-camera0-run01,0,48,44,44,16,False,True
camera0-intensity-threshold-20260526-camera0-run01,0,10,44,44,17,False,False
camera0-intensity-threshold-20260526-camera0-run01,0,48,45,45,1,False,True
camera0-intensity-threshold-20260526-camera0-run01,0,2,45,45,2,False,False
camera0-intensity-threshold-20260526-camera0-run01,0,24,45,45,3,False,True
camera0-intensity-threshold-20260526-camera0-run01,0,0,45,45,4,True,False
camera0-intensity-threshold-20260526-camera0-run01,0,128,45,45,5,False,True
camera0-intensity-threshold-20260526-camera0-run01,0,6,45,45,6,False,False
camera0-intensity-threshold-20260526-camera0-run01,0,7,45,45,7,False,False
camera0-intensity-threshold-20260526-camera0-run01,0,3,45,45,8,False,False
camera0-intensity-threshold-20260526-camera0-run01,0,5,45,45,9,False,False
camera0-intensity-threshold-20260526-camera0-run01,0,1,45,45,10,False,False
camera0-intensity-threshold-20260526-camera0-run01,0,64,45,45,11,False,True
camera0-intensity-threshold-20260526-camera0-run01,0,8,45,45,12,False,False
camera0-intensity-threshold-20260526-camera0-run01,0,12,45,45,13,False,False
camera0-intensity-threshold-20260526-camera0-run01,0,32,45,45,14,False,True
camera0-intensity-threshold-20260526-camera0-run01,0,10,45,45,15,False,False
camera0-intensity-threshold-20260526-camera0-run01,0,4,45,45,16,False,False
camera0-intensity-threshold-20260526-camera0-run01,0,16,45,45,17,False,True
camera0-intensity-threshold-20260526-camera0-run01,0,32,46,46,1,False,True
camera0-intensity-threshold-20260526-camera0-run01,0,3,46,46,2,False,False
camera0-intensity-threshold-20260526-camera0-run01,0,1,46,46,3,False,False
camera0-intensity-threshold-20260526-camera0-run01,0,7,46,46,4,False,False
camera0-intensity-threshold-20260526-camera0-run01,0,8,46,46,5,False,False
camera0-intensity-threshold-20260526-camera0-run01,0,24,46,46,6,False,True
camera0-intensity-threshold-20260526-camera0-run01,0,0,46,46,7,True,False
camera0-intensity-threshold-20260526-camera0-run01,0,10,46,46,8,False,False
camera0-intensity-threshold-20260526-camera0-run01,0,12,46,46,9,False,False
camera0-intensity-threshold-20260526-camera0-run01,0,5,46,46,10,False,False
camera0-intensity-threshold-20260526-camera0-run01,0,128,46,46,11,False,True
camera0-intensity-threshold-20260526-camera0-run01,0,2,46,46,12,False,False
camera0-intensity-threshold-20260526-camera0-run01,0,16,46,46,13,False,True
camera0-intensity-threshold-20260526-camera0-run01,0,4,46,46,14,False,False
camera0-intensity-threshold-20260526-camera0-run01,0,6,46,46,15,False,False
camera0-intensity-threshold-20260526-camera0-run01,0,48,46,46,16,False,True
camera0-intensity-threshold-20260526-camera0-run01,0,64,46,46,17,False,True
camera0-intensity-threshold-20260526-camera0-run01,0,10,47,47,1,False,False
camera0-intensity-threshold-20260526-camera0-run01,0,7,47,47,2,False,False
camera0-intensity-threshold-20260526-camera0-run01,0,8,47,47,3,False,False
camera0-intensity-threshold-20260526-camera0-run01,0,2,47,47,4,False,False
camera0-intensity-threshold-20260526-camera0-run01,0,32,47,47,5,False,True
camera0-intensity-threshold-20260526-camera0-run01,0,12,47,47,6,False,False
camera0-intensity-threshold-20260526-camera0-run01,0,128,47,47,7,False,True
camera0-intensity-threshold-20260526-camera0-run01,0,64,47,47,8,False,True
camera0-intensity-threshold-20260526-camera0-run01,0,1,47,47,9,False,False
camera0-intensity-threshold-20260526-camera0-run01,0,5,47,47,10,False,False
camera0-intensity-threshold-20260526-camera0-run01,0,24,47,47,11,False,True
camera0-intensity-threshold-20260526-camera0-run01,0,4,47,47,12,False,False
camera0-intensity-threshold-20260526-camera0-run01,0,48,47,47,13,False,True
camera0-intensity-threshold-20260526-camera0-run01,0,0,47,47,14,True,False
camera0-intensity-threshold-20260526-camera0-run01,0,16,47,47,15,False,True
camera0-intensity-threshold-20260526-camera0-run01,0,6,47,47,16,False,False
camera0-intensity-threshold-20260526-camera0-run01,0,3,47,47,17,False,False
camera0-intensity-threshold-20260526-camera0-run01,0,32,48,48,1,False,True
camera0-intensity-threshold-20260526-camera0-run01,0,5,48,48,2,False,False
camera0-intensity-threshold-20260526-camera0-run01,0,6,48,48,3,False,False
camera0-intensity-threshold-20260526-camera0-run01,0,48,48,48,4,False,True
camera0-intensity-threshold-20260526-camera0-run01,0,10,48,48,5,False,False
camera0-intensity-threshold-20260526-camera0-run01,0,7,48,48,6,False,False
camera0-intensity-threshold-20260526-camera0-run01,0,64,48,48,7,False,True
camera0-intensity-threshold-20260526-camera0-run01,0,16,48,48,8,False,True
camera0-intensity-threshold-20260526-camera0-run01,0,3,48,48,9,False,False
camera0-intensity-threshold-20260526-camera0-run01,0,2,48,48,10,False,False
camera0-intensity-threshold-20260526-camera0-run01,0,24,48,48,11,False,True
camera0-intensity-threshold-20260526-camera0-run01,0,4,48,48,12,False,False
camera0-intensity-threshold-20260526-camera0-run01,0,12,48,48,13,False,False
camera0-intensity-threshold-20260526-camera0-run01,0,0,48,48,14,True,False
camera0-intensity-threshold-20260526-camera0-run01,0,128,48,48,15,False,True
camera0-intensity-threshold-20260526-camera0-run01,0,8,48,48,16,False,False
camera0-intensity-threshold-20260526-camera0-run01,0,1,48,48,17,False,False
camera0-intensity-threshold-20260526-camera0-run01,0,5,49,49,1,False,False
camera0-intensity-threshold-20260526-camera0-run01,0,64,49,49,2,False,True
camera0-intensity-threshold-20260526-camera0-run01,0,10,49,49,3,False,False
camera0-intensity-threshold-20260526-camera0-run01,0,16,49,49,4,False,True
camera0-intensity-threshold-20260526-camera0-run01,0,2,49,49,5,False,False
camera0-intensity-threshold-20260526-camera0-run01,0,12,49,49,6,False,False
camera0-intensity-threshold-20260526-camera0-run01,0,4,49,49,7,False,False
camera0-intensity-threshold-20260526-camera0-run01,0,7,49,49,8,False,False
camera0-intensity-threshold-20260526-camera0-run01,0,6,49,49,9,False,False
camera0-intensity-threshold-20260526-camera0-run01,0,128,49,49,10,False,True
camera0-intensity-threshold-20260526-camera0-run01,0,1,49,49,11,False,False
camera0-intensity-threshold-20260526-camera0-run01,0,3,49,49,12,False,False
camera0-intensity-threshold-20260526-camera0-run01,0,32,49,49,13,False,True
camera0-intensity-threshold-20260526-camera0-run01,0,8,49,49,14,False,False
camera0-intensity-threshold-20260526-camera0-run01,0,48,49,49,15,False,True
camera0-intensity-threshold-20260526-camera0-run01,0,24,49,49,16,False,True
camera0-intensity-threshold-20260526-camera0-run01,0,0,49,49,17,True,False
camera0-intensity-threshold-20260526-camera0-run01,0,1,50,50,1,False,False
camera0-intensity-threshold-20260526-camera0-run01,0,8,50,50,2,False,False
camera0-intensity-threshold-20260526-camera0-run01,0,0,50,50,3,True,False
camera0-intensity-threshold-20260526-camera0-run01,0,32,50,50,4,False,True
camera0-intensity-threshold-20260526-camera0-run01,0,10,50,50,5,False,False
camera0-intensity-threshold-20260526-camera0-run01,0,7,50,50,6,False,False
camera0-intensity-threshold-20260526-camera0-run01,0,2,50,50,7,False,False
camera0-intensity-threshold-20260526-camera0-run01,0,3,50,50,8,False,False
camera0-intensity-threshold-20260526-camera0-run01,0,48,50,50,9,False,True
camera0-intensity-threshold-20260526-camera0-run01,0,12,50,50,10,False,False
camera0-intensity-threshold-20260526-camera0-run01,0,16,50,50,11,False,True
camera0-intensity-threshold-20260526-camera0-run01,0,24,50,50,12,False,True
camera0-intensity-threshold-20260526-camera0-run01,0,4,50,50,13,False,False
camera0-intensity-threshold-20260526-camera0-run01,0,128,50,50,14,False,True
camera0-intensity-threshold-20260526-camera0-run01,0,6,50,50,15,False,False
camera0-intensity-threshold-20260526-camera0-run01,0,64,50,50,16,False,True
camera0-intensity-threshold-20260526-camera0-run01,0,5,50,50,17,False,False
camera0-intensity-threshold-20260526-camera0-run01,0,4,51,51,1,False,False
camera0-intensity-threshold-20260526-camera0-run01,0,0,51,51,2,True,False
camera0-intensity-threshold-20260526-camera0-run01,0,64,51,51,3,False,True
camera0-intensity-threshold-20260526-camera0-run01,0,1,51,51,4,False,False
camera0-intensity-threshold-20260526-camera0-run01,0,12,51,51,5,False,False
camera0-intensity-threshold-20260526-camera0-run01,0,10,51,51,6,False,False
camera0-intensity-threshold-20260526-camera0-run01,0,6,51,51,7,False,False
camera0-intensity-threshold-20260526-camera0-run01,0,128,51,51,8,False,True
camera0-intensity-threshold-20260526-camera0-run01,0,16,51,51,9,False,True
camera0-intensity-threshold-20260526-camera0-run01,0,48,51,51,10,False,True
camera0-intensity-threshold-20260526-camera0-run01,0,32,51,51,11,False,True
camera0-intensity-threshold-20260526-camera0-run01,0,7,51,51,12,False,False
camera0-intensity-threshold-20260526-camera0-run01,0,24,51,51,13,False,True
camera0-intensity-threshold-20260526-camera0-run01,0,8,51,51,14,False,False
camera0-intensity-threshold-20260526-camera0-run01,0,3,51,51,15,False,False
camera0-intensity-threshold-20260526-camera0-run01,0,2,51,51,16,False,False
camera0-intensity-threshold-20260526-camera0-run01,0,5,51,51,17,False,False
camera0-intensity-threshold-20260526-camera0-run01,0,10,52,52,1,False,False
camera0-intensity-threshold-20260526-camera0-run01,0,24,52,52,2,False,True
camera0-intensity-threshold-20260526-camera0-run01,0,48,52,52,3,False,True
camera0-intensity-threshold-20260526-camera0-run01,0,0,52,52,4,True,False
camera0-intensity-threshold-20260526-camera0-run01,0,16,52,52,5,False,True
camera0-intensity-threshold-20260526-camera0-run01,0,128,52,52,6,False,True
camera0-intensity-threshold-20260526-camera0-run01,0,6,52,52,7,False,False
camera0-intensity-threshold-20260526-camera0-run01,0,4,52,52,8,False,False
camera0-intensity-threshold-20260526-camera0-run01,0,12,52,52,9,False,False
camera0-intensity-threshold-20260526-camera0-run01,0,3,52,52,10,False,False
camera0-intensity-threshold-20260526-camera0-run01,0,32,52,52,11,False,True
camera0-intensity-threshold-20260526-camera0-run01,0,1,52,52,12,False,False
camera0-intensity-threshold-20260526-camera0-run01,0,8,52,52,13,False,False
camera0-intensity-threshold-20260526-camera0-run01,0,5,52,52,14,False,False
camera0-intensity-threshold-20260526-camera0-run01,0,64,52,52,15,False,True
camera0-intensity-threshold-20260526-camera0-run01,0,2,52,52,16,False,False
camera0-intensity-threshold-20260526-camera0-run01,0,7,52,52,17,False,False
camera0-intensity-threshold-20260526-camera0-run01,0,128,53,53,1,False,True
camera0-intensity-threshold-20260526-camera0-run01,0,64,53,53,2,False,True
camera0-intensity-threshold-20260526-camera0-run01,0,10,53,53,3,False,False
camera0-intensity-threshold-20260526-camera0-run01,0,1,53,53,4,False,False
camera0-intensity-threshold-20260526-camera0-run01,0,48,53,53,5,False,True
camera0-intensity-threshold-20260526-camera0-run01,0,12,53,53,6,False,False
camera0-intensity-threshold-20260526-camera0-run01,0,2,53,53,7,False,False
camera0-intensity-threshold-20260526-camera0-run01,0,7,53,53,8,False,False
camera0-intensity-threshold-20260526-camera0-run01,0,0,53,53,9,True,False
camera0-intensity-threshold-20260526-camera0-run01,0,5,53,53,10,False,False
camera0-intensity-threshold-20260526-camera0-run01,0,4,53,53,11,False,False
camera0-intensity-threshold-20260526-camera0-run01,0,6,53,53,12,False,False
camera0-intensity-threshold-20260526-camera0-run01,0,3,53,53,13,False,False
camera0-intensity-threshold-20260526-camera0-run01,0,8,53,53,14,False,False
camera0-intensity-threshold-20260526-camera0-run01,0,16,53,53,15,False,True
camera0-intensity-threshold-20260526-camera0-run01,0,32,53,53,16,False,True
camera0-intensity-threshold-20260526-camera0-run01,0,24,53,53,17,False,True
camera0-intensity-threshold-20260526-camera0-run01,0,32,54,54,1,False,True
camera0-intensity-threshold-20260526-camera0-run01,0,128,54,54,2,False,True
camera0-intensity-threshold-20260526-camera0-run01,0,10,54,54,3,False,False
camera0-intensity-threshold-20260526-camera0-run01,0,5,54,54,4,False,False
camera0-intensity-threshold-20260526-camera0-run01,0,1,54,54,5,False,False
camera0-intensity-threshold-20260526-camera0-run01,0,0,54,54,6,True,False
camera0-intensity-threshold-20260526-camera0-run01,0,64,54,54,7,False,True
camera0-intensity-threshold-20260526-camera0-run01,0,4,54,54,8,False,False
camera0-intensity-threshold-20260526-camera0-run01,0,16,54,54,9,False,True
camera0-intensity-threshold-20260526-camera0-run01,0,7,54,54,10,False,False
camera0-intensity-threshold-20260526-camera0-run01,0,12,54,54,11,False,False
camera0-intensity-threshold-20260526-camera0-run01,0,24,54,54,12,False,True
camera0-intensity-threshold-20260526-camera0-run01,0,6,54,54,13,False,False
camera0-intensity-threshold-20260526-camera0-run01,0,3,54,54,14,False,False
camera0-intensity-threshold-20260526-camera0-run01,0,48,54,54,15,False,True
camera0-intensity-threshold-20260526-camera0-run01,0,8,54,54,16,False,False
camera0-intensity-threshold-20260526-camera0-run01,0,2,54,54,17,False,False
camera0-intensity-threshold-20260526-camera0-run01,0,12,55,55,1,False,False
camera0-intensity-threshold-20260526-camera0-run01,0,5,55,55,2,False,False
camera0-intensity-threshold-20260526-camera0-run01,0,2,55,55,3,False,False
camera0-intensity-threshold-20260526-camera0-run01,0,128,55,55,4,False,True
camera0-intensity-threshold-20260526-camera0-run01,0,4,55,55,5,False,False
camera0-intensity-threshold-20260526-camera0-run01,0,32,55,55,6,False,True
camera0-intensity-threshold-20260526-camera0-run01,0,24,55,55,7,False,True
camera0-intensity-threshold-20260526-camera0-run01,0,10,55,55,8,False,False
camera0-intensity-threshold-20260526-camera0-run01,0,48,55,55,9,False,True
camera0-intensity-threshold-20260526-camera0-run01,0,3,55,55,10,False,False
camera0-intensity-threshold-20260526-camera0-run01,0,16,55,55,11,False,True
camera0-intensity-threshold-20260526-camera0-run01,0,7,55,55,12,False,False
camera0-intensity-threshold-20260526-camera0-run01,0,8,55,55,13,False,False
camera0-intensity-threshold-20260526-camera0-run01,0,6,55,55,14,False,False
camera0-intensity-threshold-20260526-camera0-run01,0,1,55,55,15,False,False
camera0-intensity-threshold-20260526-camera0-run01,0,0,55,55,16,True,False
camera0-intensity-threshold-20260526-camera0-run01,0,64,55,55,17,False,True
camera0-intensity-threshold-20260526-camera0-run01,0,64,56,56,1,False,True
camera0-intensity-threshold-20260526-camera0-run01,0,12,56,56,2,False,False
camera0-intensity-threshold-20260526-camera0-run01,0,6,56,56,3,False,False
camera0-intensity-threshold-20260526-camera0-run01,0,16,56,56,4,False,True
camera0-intensity-threshold-20260526-camera0-run01,0,8,56,56,5,False,False
camera0-intensity-threshold-20260526-camera0-run01,0,7,56,56,6,False,False
camera0-intensity-threshold-20260526-camera0-run01,0,5,56,56,7,False,False
camera0-intensity-threshold-20260526-camera0-run01,0,32,56,56,8,False,True
camera0-intensity-threshold-20260526-camera0-run01,0,4,56,56,9,False,False
camera0-intensity-threshold-20260526-camera0-run01,0,48,56,56,10,False,True
camera0-intensity-threshold-20260526-camera0-run01,0,10,56,56,11,False,False
camera0-intensity-threshold-20260526-camera0-run01,0,3,56,56,12,False,False
camera0-intensity-threshold-20260526-camera0-run01,0,128,56,56,13,False,True
camera0-intensity-threshold-20260526-camera0-run01,0,24,56,56,14,False,True
camera0-intensity-threshold-20260526-camera0-run01,0,0,56,56,15,True,False
camera0-intensity-threshold-20260526-camera0-run01,0,1,56,56,16,False,False
camera0-intensity-threshold-20260526-camera0-run01,0,2,56,56,17,False,False
camera0-intensity-threshold-20260526-camera0-run01,0,12,57,57,1,False,False
camera0-intensity-threshold-20260526-camera0-run01,0,5,57,57,2,False,False
camera0-intensity-threshold-20260526-camera0-run01,0,1,57,57,3,False,False
camera0-intensity-threshold-20260526-camera0-run01,0,32,57,57,4,False,True
camera0-intensity-threshold-20260526-camera0-run01,0,64,57,57,5,False,True
camera0-intensity-threshold-20260526-camera0-run01,0,24,57,57,6,False,True
camera0-intensity-threshold-20260526-camera0-run01,0,7,57,57,7,False,False
camera0-intensity-threshold-20260526-camera0-run01,0,0,57,57,8,True,False
camera0-intensity-threshold-20260526-camera0-run01,0,16,57,57,9,False,True
camera0-intensity-threshold-20260526-camera0-run01,0,48,57,57,10,False,True
camera0-intensity-threshold-20260526-camera0-run01,0,6,57,57,11,False,False
camera0-intensity-threshold-20260526-camera0-run01,0,128,57,57,12,False,True
camera0-intensity-threshold-20260526-camera0-run01,0,10,57,57,13,False,False
camera0-intensity-threshold-20260526-camera0-run01,0,8,57,57,14,False,False
camera0-intensity-threshold-20260526-camera0-run01,0,4,57,57,15,False,False
camera0-intensity-threshold-20260526-camera0-run01,0,2,57,57,16,False,False
camera0-intensity-threshold-20260526-camera0-run01,0,3,57,57,17,False,False
camera0-intensity-threshold-20260526-camera0-run01,0,2,58,58,1,False,False
camera0-intensity-threshold-20260526-camera0-run01,0,5,58,58,2,False,False
camera0-intensity-threshold-20260526-camera0-run01,0,10,58,58,3,False,False
camera0-intensity-threshold-20260526-camera0-run01,0,24,58,58,4,False,True
camera0-intensity-threshold-20260526-camera0-run01,0,16,58,58,5,False,True
camera0-intensity-threshold-20260526-camera0-run01,0,1,58,58,6,False,False
camera0-intensity-threshold-20260526-camera0-run01,0,128,58,58,7,False,True
camera0-intensity-threshold-20260526-camera0-run01,0,12,58,58,8,False,False
camera0-intensity-threshold-20260526-camera0-run01,0,4,58,58,9,False,False
camera0-intensity-threshold-20260526-camera0-run01,0,6,58,58,10,False,False
camera0-intensity-threshold-20260526-camera0-run01,0,0,58,58,11,True,False
camera0-intensity-threshold-20260526-camera0-run01,0,32,58,58,12,False,True
camera0-intensity-threshold-20260526-camera0-run01,0,48,58,58,13,False,True
camera0-intensity-threshold-20260526-camera0-run01,0,3,58,58,14,False,False
camera0-intensity-threshold-20260526-camera0-run01,0,8,58,58,15,False,False
camera0-intensity-threshold-20260526-camera0-run01,0,64,58,58,16,False,True
camera0-intensity-threshold-20260526-camera0-run01,0,7,58,58,17,False,False
camera0-intensity-threshold-20260526-camera0-run01,0,2,59,59,1,False,False
camera0-intensity-threshold-20260526-camera0-run01,0,8,59,59,2,False,False
camera0-intensity-threshold-20260526-camera0-run01,0,4,59,59,3,False,False
camera0-intensity-threshold-20260526-camera0-run01,0,12,59,59,4,False,False
camera0-intensity-threshold-20260526-camera0-run01,0,1,59,59,5,False,False
camera0-intensity-threshold-20260526-camera0-run01,0,24,59,59,6,False,True
camera0-intensity-threshold-20260526-camera0-run01,0,16,59,59,7,False,True
camera0-intensity-threshold-20260526-camera0-run01,0,10,59,59,8,False,False
camera0-intensity-threshold-20260526-camera0-run01,0,6,59,59,9,False,False
camera0-intensity-threshold-20260526-camera0-run01,0,64,59,59,10,False,True
camera0-intensity-threshold-20260526-camera0-run01,0,0,59,59,11,True,False
camera0-intensity-threshold-20260526-camera0-run01,0,128,59,59,12,False,True
camera0-intensity-threshold-20260526-camera0-run01,0,3,59,59,13,False,False
camera0-intensity-threshold-20260526-camera0-run01,0,5,59,59,14,False,False
camera0-intensity-threshold-20260526-camera0-run01,0,48,59,59,15,False,True
camera0-intensity-threshold-20260526-camera0-run01,0,32,59,59,16,False,True
camera0-intensity-threshold-20260526-camera0-run01,0,7,59,59,17,False,False
camera0-intensity-threshold-20260526-camera0-run01,0,1,60,60,1,False,False
camera0-intensity-threshold-20260526-camera0-run01,0,10,60,60,2,False,False
camera0-intensity-threshold-20260526-camera0-run01,0,5,60,60,3,False,False
camera0-intensity-threshold-20260526-camera0-run01,0,8,60,60,4,False,False
camera0-intensity-threshold-20260526-camera0-run01,0,0,60,60,5,True,False
camera0-intensity-threshold-20260526-camera0-run01,0,2,60,60,6,False,False
camera0-intensity-threshold-20260526-camera0-run01,0,128,60,60,7,False,True
camera0-intensity-threshold-20260526-camera0-run01,0,32,60,60,8,False,True
camera0-intensity-threshold-20260526-camera0-run01,0,12,60,60,9,False,False
camera0-intensity-threshold-20260526-camera0-run01,0,7,60,60,10,False,False
camera0-intensity-threshold-20260526-camera0-run01,0,16,60,60,11,False,True
camera0-intensity-threshold-20260526-camera0-run01,0,48,60,60,12,False,True
camera0-intensity-threshold-20260526-camera0-run01,0,24,60,60,13,False,True
camera0-intensity-threshold-20260526-camera0-run01,0,4,60,60,14,False,False
camera0-intensity-threshold-20260526-camera0-run01,0,3,60,60,15,False,False
camera0-intensity-threshold-20260526-camera0-run01,0,64,60,60,16,False,True
camera0-intensity-threshold-20260526-camera0-run01,0,6,60,60,17,False,False
