run_id,family,variant,source_path,status,kind,created_at,mode,primary_artifact,manifest_path,notes
random-train_20260522_112745,dual_experiments,current_setup,data/dual_experiments/current_setup/random-train_20260522_112745,partial,run_directory,20260522_112745,random-train,data/dual_experiments/current_setup/random-train_20260522_112745/dual_summary.csv,,Corrida dual correlacionando webcam y OP598
train_20260522_112902,dual_experiments,current_setup,data/dual_experiments/current_setup/train_20260522_112902,partial,run_directory,20260522_112902,train,data/dual_experiments/current_setup/train_20260522_112902/dual_summary.csv,,Corrida dual correlacionando webcam y OP598
random-train_20260522_113049,dual_experiments,current_setup_fixed,data/dual_experiments/current_setup_fixed/random-train_20260522_113049,partial,run_directory,20260522_113049,random-train,data/dual_experiments/current_setup_fixed/random-train_20260522_113049/dual_summary.csv,,Corrida dual correlacionando webcam y OP598
train_20260522_113033,dual_experiments,current_setup_fixed,data/dual_experiments/current_setup_fixed/train_20260522_113033,partial,run_directory,20260522_113033,train,data/dual_experiments/current_setup_fixed/train_20260522_113033/dual_summary.csv,,Corrida dual correlacionando webcam y OP598
random-train_20260522_154927,dual_experiments,phase2_statistical_reconstruction,data/dual_experiments/phase2_statistical_reconstruction/random-train_20260522_154927,valid,run_directory,20260522_154927,random-train,data/dual_experiments/phase2_statistical_reconstruction/random-train_20260522_154927/dual_summary.csv,,Corrida dual correlacionando webcam y OP598
random-train_20260522_155022,dual_experiments,phase2_statistical_reconstruction,data/dual_experiments/phase2_statistical_reconstruction/random-train_20260522_155022,valid,run_directory,2026-05-22T15:50:53,random-train,data/dual_experiments/phase2_statistical_reconstruction/random-train_20260522_155022/dual_summary.csv,data/dual_experiments/phase2_statistical_reconstruction/random-train_20260522_155022/manifest.json,Corrida dual correlacionando webcam y OP598
random-train_20260522_155311,dual_experiments,phase2_statistical_reconstruction_matrix,data/dual_experiments/phase2_statistical_reconstruction_matrix/random-train_20260522_155311,valid,run_directory,2026-05-22T15:53:42,random-train,data/dual_experiments/phase2_statistical_reconstruction_matrix/random-train_20260522_155311/dual_summary.csv,data/dual_experiments/phase2_statistical_reconstruction_matrix/random-train_20260522_155311/manifest.json,Corrida dual correlacionando webcam y OP598
random-train_20260522_155351,dual_experiments,phase2_statistical_reconstruction_matrix,data/dual_experiments/phase2_statistical_reconstruction_matrix/random-train_20260522_155351,valid,run_directory,2026-05-22T15:54:22,random-train,data/dual_experiments/phase2_statistical_reconstruction_matrix/random-train_20260522_155351/dual_summary.csv,data/dual_experiments/phase2_statistical_reconstruction_matrix/random-train_20260522_155351/manifest.json,Corrida dual correlacionando webcam y OP598
random-train_20260522_155431,dual_experiments,phase2_statistical_reconstruction_matrix,data/dual_experiments/phase2_statistical_reconstruction_matrix/random-train_20260522_155431,valid,run_directory,2026-05-22T15:55:02,random-train,data/dual_experiments/phase2_statistical_reconstruction_matrix/random-train_20260522_155431/dual_summary.csv,data/dual_experiments/phase2_statistical_reconstruction_matrix/random-train_20260522_155431/manifest.json,Corrida dual correlacionando webcam y OP598
random-train_20260522_162539,dual_experiments,phase2_statistical_reconstruction_matrix,data/dual_experiments/phase2_statistical_reconstruction_matrix/random-train_20260522_162539,valid,run_directory,2026-05-22T16:29:42,random-train,data/dual_experiments/phase2_statistical_reconstruction_matrix/random-train_20260522_162539/dual_summary.csv,data/dual_experiments/phase2_statistical_reconstruction_matrix/random-train_20260522_162539/manifest.json,Corrida dual correlacionando webcam y OP598
random-train_20260522_162947,dual_experiments,phase2_statistical_reconstruction_matrix,data/dual_experiments/phase2_statistical_reconstruction_matrix/random-train_20260522_162947,valid,run_directory,2026-05-22T16:30:18,random-train,data/dual_experiments/phase2_statistical_reconstruction_matrix/random-train_20260522_162947/dual_summary.csv,data/dual_experiments/phase2_statistical_reconstruction_matrix/random-train_20260522_162947/manifest.json,Corrida dual correlacionando webcam y OP598
random-train_20260522_163706,dual_experiments,phase2_statistical_reconstruction_matrix,data/dual_experiments/phase2_statistical_reconstruction_matrix/random-train_20260522_163706,valid,run_directory,2026-05-22T16:37:37,random-train,data/dual_experiments/phase2_statistical_reconstruction_matrix/random-train_20260522_163706/dual_summary.csv,data/dual_experiments/phase2_statistical_reconstruction_matrix/random-train_20260522_163706/manifest.json,Corrida dual correlacionando webcam y OP598
random-train_20260522_172025,dual_experiments,phase2_statistical_reconstruction_matrix,data/dual_experiments/phase2_statistical_reconstruction_matrix/random-train_20260522_172025,valid,run_directory,2026-05-22T17:20:56,random-train,data/dual_experiments/phase2_statistical_reconstruction_matrix/random-train_20260522_172025/dual_summary.csv,data/dual_experiments/phase2_statistical_reconstruction_matrix/random-train_20260522_172025/manifest.json,Corrida dual correlacionando webcam y OP598
random-train_20260522_155151,dual_experiments,phase2_statistical_reconstruction_probe,data/dual_experiments/phase2_statistical_reconstruction_probe/random-train_20260522_155151,valid,run_directory,2026-05-22T15:52:11,random-train,data/dual_experiments/phase2_statistical_reconstruction_probe/random-train_20260522_155151/dual_summary.csv,data/dual_experiments/phase2_statistical_reconstruction_probe/random-train_20260522_155151/manifest.json,Corrida dual correlacionando webcam y OP598
random-train_20260522_155230,dual_experiments,phase2_statistical_reconstruction_probe,data/dual_experiments/phase2_statistical_reconstruction_probe/random-train_20260522_155230,valid,run_directory,2026-05-22T15:52:50,random-train,data/dual_experiments/phase2_statistical_reconstruction_probe/random-train_20260522_155230/dual_summary.csv,data/dual_experiments/phase2_statistical_reconstruction_probe/random-train_20260522_155230/manifest.json,Corrida dual correlacionando webcam y OP598
destello_latency_results_20260430_174041,latency_runs,.,data/latency_runs/destello_latency_results_20260430_174041.csv,valid,artifact_group,20260430_174041,latency,data/latency_runs/destello_latency_results_20260430_174041.csv,,Corrida opcional de latencia agrupada por timestamp
destello_latency_results_20260430_174118,latency_runs,.,data/latency_runs/destello_latency_results_20260430_174118.csv,valid,artifact_group,20260430_174118,latency,data/latency_runs/destello_latency_results_20260430_174118.csv,,Corrida opcional de latencia agrupada por timestamp
destello_latency_results_20260430_174211,latency_runs,.,data/latency_runs/destello_latency_results_20260430_174211.csv,valid,artifact_group,20260430_174211,latency,data/latency_runs/destello_latency_results_20260430_174211.csv,,Corrida opcional de latencia agrupada por timestamp
latency_results_20260430_121104,latency_runs,.,data/latency_runs/latency_results_20260430_121104.csv,valid,artifact_group,20260430_121104,latency,data/latency_runs/latency_results_20260430_121104.csv,,Corrida opcional de latencia agrupada por timestamp
latency_results_20260430_122215,latency_runs,.,data/latency_runs/latency_results_20260430_122215.csv,invalid_empty,artifact_group,20260430_122215,latency,data/latency_runs/latency_results_20260430_122215.csv,,Corrida opcional de latencia agrupada por timestamp
latency_results_20260430_122246,latency_runs,.,data/latency_runs/latency_results_20260430_122246.csv,invalid_empty,artifact_group,20260430_122246,latency,data/latency_runs/latency_results_20260430_122246.csv,,Corrida opcional de latencia agrupada por timestamp
latency_results_20260430_122511,latency_runs,.,data/latency_runs/latency_results_20260430_122511.csv,valid,artifact_group,20260430_122511,latency,data/latency_runs/latency_results_20260430_122511.csv,,Corrida opcional de latencia agrupada por timestamp
latency_results_20260430_122532,latency_runs,.,data/latency_runs/latency_results_20260430_122532.csv,valid,artifact_group,20260430_122532,latency,data/latency_runs/latency_results_20260430_122532.csv,,Corrida opcional de latencia agrupada por timestamp
latency_results_20260430_122545,latency_runs,.,data/latency_runs/latency_results_20260430_122545.csv,invalid_empty,artifact_group,20260430_122545,latency,data/latency_runs/latency_results_20260430_122545.csv,,Corrida opcional de latencia agrupada por timestamp
latency_results_20260430_122707,latency_runs,.,data/latency_runs/latency_results_20260430_122707.csv,invalid_empty,artifact_group,20260430_122707,latency,data/latency_runs/latency_results_20260430_122707.csv,,Corrida opcional de latencia agrupada por timestamp
latency_results_20260430_122843,latency_runs,.,data/latency_runs/latency_results_20260430_122843.csv,invalid_empty,artifact_group,20260430_122843,latency,data/latency_runs/latency_results_20260430_122843.csv,,Corrida opcional de latencia agrupada por timestamp
latency_results_20260430_122907,latency_runs,.,data/latency_runs/latency_results_20260430_122907.csv,invalid_empty,artifact_group,20260430_122907,latency,data/latency_runs/latency_results_20260430_122907.csv,,Corrida opcional de latencia agrupada por timestamp
latency_results_20260430_122919,latency_runs,.,data/latency_runs/latency_results_20260430_122919.csv,invalid_empty,artifact_group,20260430_122919,latency,data/latency_runs/latency_results_20260430_122919.csv,,Corrida opcional de latencia agrupada por timestamp
latency_results_20260430_122932,latency_runs,.,data/latency_runs/latency_results_20260430_122932.csv,invalid_empty,artifact_group,20260430_122932,latency,data/latency_runs/latency_results_20260430_122932.csv,,Corrida opcional de latencia agrupada por timestamp
latency_results_20260430_162158,latency_runs,.,data/latency_runs/latency_results_20260430_162158.csv,invalid_empty,artifact_group,20260430_162158,latency,data/latency_runs/latency_results_20260430_162158.csv,,Corrida opcional de latencia agrupada por timestamp
latency_results_20260430_170139,latency_runs,.,data/latency_runs/latency_results_20260430_170139.csv,invalid_empty,artifact_group,20260430_170139,latency,data/latency_runs/latency_results_20260430_170139.csv,,Corrida opcional de latencia agrupada por timestamp
latency_results_20260430_170425,latency_runs,.,data/latency_runs/latency_results_20260430_170425.csv,invalid_empty,artifact_group,20260430_170425,latency,data/latency_runs/latency_results_20260430_170425.csv,,Corrida opcional de latencia agrupada por timestamp
latency_results_20260430_170905,latency_runs,.,data/latency_runs/latency_results_20260430_170905.csv,invalid_empty,artifact_group,20260430_170905,latency,data/latency_runs/latency_results_20260430_170905.csv,,Corrida opcional de latencia agrupada por timestamp
latency_results_20260430_171805,latency_runs,.,data/latency_runs/latency_results_20260430_171805.csv,valid,artifact_group,20260430_171805,latency,data/latency_runs/latency_results_20260430_171805.csv,,Corrida opcional de latencia agrupada por timestamp
latency_results_20260430_172251,latency_runs,.,data/latency_runs/latency_results_20260430_172251.csv,valid,artifact_group,20260430_172251,latency,data/latency_runs/latency_results_20260430_172251.csv,,Corrida opcional de latencia agrupada por timestamp
latency_results_20260430_172351,latency_runs,.,data/latency_runs/latency_results_20260430_172351.csv,valid,artifact_group,20260430_172351,latency,data/latency_runs/latency_results_20260430_172351.csv,,Corrida opcional de latencia agrupada por timestamp
latency_results_20260430_172434,latency_runs,.,data/latency_runs/latency_results_20260430_172434.csv,valid,artifact_group,20260430_172434,latency,data/latency_runs/latency_results_20260430_172434.csv,,Corrida opcional de latencia agrupada por timestamp
op598_characterization_20260522_1524,op598,.,data/op598/op598_characterization_20260522_1524.md,legacy_unstructured,standalone_doc,20260522,,data/op598/op598_characterization_20260522_1524.md,,Documento descriptivo no emparejado con una corrida única
op598_pulse_profile_20260522_120124,op598,.,data/op598,valid,artifact_group,20260522_120124,pulse_profile_20260522,data/op598/op598_pulse_profile_20260522_120124.csv,,Captura OP598 con artefactos agrupados por prefijo temporal
op598_pulse_profile_20260522_120305,op598,.,data/op598,valid,artifact_group,20260522_120305,pulse_profile_20260522,data/op598/op598_pulse_profile_20260522_120305.csv,,Captura OP598 con artefactos agrupados por prefijo temporal
op598_pulse_profile_20260522_120327,op598,.,data/op598,valid,artifact_group,20260522_120327,pulse_profile_20260522,data/op598/op598_pulse_profile_20260522_120327.csv,,Captura OP598 con artefactos agrupados por prefijo temporal
op598_pulse_profile_20260522_120520,op598,.,data/op598,valid,artifact_group,20260522_120520,pulse_profile_20260522,data/op598/op598_pulse_profile_20260522_120520.csv,,Captura OP598 con artefactos agrupados por prefijo temporal
op598_pulse_profile_20260522_120527,op598,.,data/op598,valid,artifact_group,20260522_120527,pulse_profile_20260522,data/op598/op598_pulse_profile_20260522_120527.csv,,Captura OP598 con artefactos agrupados por prefijo temporal
op598_pulse_profile_20260522_152355,op598,.,data/op598,valid,artifact_group,20260522_152355,pulse_profile_20260522,data/op598/op598_pulse_profile_20260522_152355.csv,,Captura OP598 con artefactos agrupados por prefijo temporal
op598_pulse_profile_20260522_152358,op598,.,data/op598,valid,artifact_group,20260522_152358,pulse_profile_20260522,data/op598/op598_pulse_profile_20260522_152358.csv,,Captura OP598 con artefactos agrupados por prefijo temporal
op598_pulse_profile_20260522_152400,op598,.,data/op598,valid,artifact_group,20260522_152400,pulse_profile_20260522,data/op598/op598_pulse_profile_20260522_152400.csv,,Captura OP598 con artefactos agrupados por prefijo temporal
op598_pulse_profile_20260522_152402,op598,.,data/op598,valid,artifact_group,20260522_152402,pulse_profile_20260522,data/op598/op598_pulse_profile_20260522_152402.csv,,Captura OP598 con artefactos agrupados por prefijo temporal
op598_pulse_profile_20260522_152404,op598,.,data/op598,valid,artifact_group,20260522_152404,pulse_profile_20260522,data/op598/op598_pulse_profile_20260522_152404.csv,,Captura OP598 con artefactos agrupados por prefijo temporal
op598_pulse_profile_20260522_152407,op598,.,data/op598,valid,artifact_group,20260522_152407,pulse_profile_20260522,data/op598/op598_pulse_profile_20260522_152407.csv,,Captura OP598 con artefactos agrupados por prefijo temporal
op598_pulse_profile_20260522_152409,op598,.,data/op598,valid,artifact_group,20260522_152409,pulse_profile_20260522,data/op598/op598_pulse_profile_20260522_152409.csv,,Captura OP598 con artefactos agrupados por prefijo temporal
op598_pulse_profile_20260522_152412,op598,.,data/op598,valid,artifact_group,20260522_152412,pulse_profile_20260522,data/op598/op598_pulse_profile_20260522_152412.csv,,Captura OP598 con artefactos agrupados por prefijo temporal
op598_pulse_profile_20260522_170404,op598,.,data/op598,valid,artifact_group,20260522_170404,pulse_profile_20260522,data/op598/op598_pulse_profile_20260522_170404.csv,,Captura OP598 con artefactos agrupados por prefijo temporal
op598_sample_20260522_134415,op598,.,data/op598,valid,artifact_group,20260522_134415,sample_20260522,data/op598/op598_sample_20260522_134415.csv,,Captura OP598 con artefactos agrupados por prefijo temporal
op598_sample_20260522_134817,op598,.,data/op598,valid,artifact_group,20260522_134817,sample_20260522,data/op598/op598_sample_20260522_134817.csv,,Captura OP598 con artefactos agrupados por prefijo temporal
op598_sample_20260522_135113,op598,.,data/op598,valid,artifact_group,20260522_135113,sample_20260522,data/op598/op598_sample_20260522_135113.csv,,Captura OP598 con artefactos agrupados por prefijo temporal
op598_sample_20260522_140920,op598,.,data/op598,valid,artifact_group,20260522_140920,sample_20260522,data/op598/op598_sample_20260522_140920.csv,,Captura OP598 con artefactos agrupados por prefijo temporal
op598_sample_20260522_140948,op598,.,data/op598,valid,artifact_group,20260522_140948,sample_20260522,data/op598/op598_sample_20260522_140948.csv,,Captura OP598 con artefactos agrupados por prefijo temporal
op598_sample_20260522_140955,op598,.,data/op598,valid,artifact_group,20260522_140955,sample_20260522,data/op598/op598_sample_20260522_140955.csv,,Captura OP598 con artefactos agrupados por prefijo temporal
op598_sample_20260522_141002,op598,.,data/op598,valid,artifact_group,20260522_141002,sample_20260522,data/op598/op598_sample_20260522_141002.csv,,Captura OP598 con artefactos agrupados por prefijo temporal
op598_sample_20260522_141012,op598,.,data/op598,valid,artifact_group,20260522_141012,sample_20260522,data/op598/op598_sample_20260522_141012.csv,,Captura OP598 con artefactos agrupados por prefijo temporal
op598_sample_20260522_141033,op598,.,data/op598,valid,artifact_group,20260522_141033,sample_20260522,data/op598/op598_sample_20260522_141033.csv,,Captura OP598 con artefactos agrupados por prefijo temporal
op598_sample_20260522_141038,op598,.,data/op598,valid,artifact_group,20260522_141038,sample_20260522,data/op598/op598_sample_20260522_141038.csv,,Captura OP598 con artefactos agrupados por prefijo temporal
op598_sample_20260522_151705,op598,.,data/op598,valid,artifact_group,20260522_151705,sample_20260522,data/op598/op598_sample_20260522_151705.csv,,Captura OP598 con artefactos agrupados por prefijo temporal
op598_sample_20260522_151718,op598,.,data/op598,valid,artifact_group,20260522_151718,sample_20260522,data/op598/op598_sample_20260522_151718.csv,,Captura OP598 con artefactos agrupados por prefijo temporal
op598_sample_20260522_151725,op598,.,data/op598,valid,artifact_group,20260522_151725,sample_20260522,data/op598/op598_sample_20260522_151725.csv,,Captura OP598 con artefactos agrupados por prefijo temporal
op598_sample_20260522_152308,op598,.,data/op598,legacy_unstructured,artifact_group,20260522_152308,sample_20260522,data/op598/op598_sample_20260522_152308.log,,Artefacto OP598 sin pareja tabular reproducible
op598_sample_20260522_152335,op598,.,data/op598,valid,artifact_group,20260522_152335,sample_20260522,data/op598/op598_sample_20260522_152335.csv,,Captura OP598 con artefactos agrupados por prefijo temporal
op598_status_20260522_152328,op598,.,data/op598,legacy_unstructured,artifact_group,20260522_152328,status_20260522,data/op598/op598_status_20260522_152328.log,,Artefacto OP598 sin pareja tabular reproducible
op598_status_20260522_154900,op598,.,data/op598,legacy_unstructured,artifact_group,20260522_154900,status_20260522,data/op598/op598_status_20260522_154900.log,,Artefacto OP598 sin pareja tabular reproducible
op598_status_20260522_170242,op598,.,data/op598,legacy_unstructured,artifact_group,20260522_170242,status_20260522,data/op598/op598_status_20260522_170242.log,,Artefacto OP598 sin pareja tabular reproducible
op598_train_profile_20260522_152414,op598,.,data/op598,valid,artifact_group,20260522_152414,train_profile_20260522,data/op598/op598_train_profile_20260522_152414.csv,,Captura OP598 con artefactos agrupados por prefijo temporal
op598_train_profile_20260522_170407,op598,.,data/op598,valid,artifact_group,20260522_170407,train_profile_20260522,data/op598/op598_train_profile_20260522_170407.csv,,Captura OP598 con artefactos agrupados por prefijo temporal
op598_sample_20260522_112701,op598,current_setup_baseline,data/op598/current_setup_baseline,valid,artifact_group,20260522_112701,sample_20260522,data/op598/current_setup_baseline/op598_sample_20260522_112701.csv,,Captura OP598 con artefactos agrupados por prefijo temporal
op598_sample_20260522_113014,op598,current_setup_baseline_fixed,data/op598/current_setup_baseline_fixed,valid,artifact_group,20260522_113014,sample_20260522,data/op598/current_setup_baseline_fixed/op598_sample_20260522_113014.csv,,Captura OP598 con artefactos agrupados por prefijo temporal
op598_pulse_profile_20260522_112747,op598,current_setup_signal,data/op598/current_setup_signal,valid,artifact_group,20260522_112747,pulse_profile_20260522,data/op598/current_setup_signal/op598_pulse_profile_20260522_112747.csv,,Captura OP598 con artefactos agrupados por prefijo temporal
op598_pulse_profile_20260522_113030,op598,current_setup_signal_fixed,data/op598/current_setup_signal_fixed,valid,artifact_group,20260522_113030,pulse_profile_20260522,data/op598/current_setup_signal_fixed/op598_pulse_profile_20260522_113030.csv,,Captura OP598 con artefactos agrupados por prefijo temporal
flash_parameter_low_duty_20260521,webcam,.,data/webcam/flash_parameter_low_duty_20260521.csv,valid,artifact_group,20260521,legacy-sweep,data/webcam/flash_parameter_low_duty_20260521.csv,,Sweep webcam heredado normalizado por enlaces a CSVs de metricas
flash_parameter_sweep_20260521_114453,webcam,.,data/webcam/flash_parameter_sweep_20260521_114453.csv,valid,artifact_group,20260521_114453,legacy-sweep,data/webcam/flash_parameter_sweep_20260521_114453.csv,,Sweep webcam heredado normalizado por enlaces a CSVs de metricas
led_intensity_low_sweep_20260521,webcam,.,data/webcam/led_intensity_low_sweep_20260521.csv,valid,artifact_group,20260521,legacy-sweep,data/webcam/led_intensity_low_sweep_20260521.csv,,Sweep webcam heredado normalizado por enlaces a CSVs de metricas
led_intensity_sweep_20260521_114216,webcam,.,data/webcam/led_intensity_sweep_20260521_114216.csv,valid,artifact_group,20260521_114216,legacy-sweep,data/webcam/led_intensity_sweep_20260521_114216.csv,,Sweep webcam heredado normalizado por enlaces a CSVs de metricas
led_intensity_sweep_20260521_115322,webcam,.,data/webcam/led_intensity_sweep_20260521_115322.csv,valid,artifact_group,20260521_115322,legacy-sweep,data/webcam/led_intensity_sweep_20260521_115322.csv,,Sweep webcam heredado normalizado por enlaces a CSVs de metricas
threshold_delta_20_duty6_20260521,webcam,.,data/webcam/threshold_delta_20_duty6_20260521.csv,valid,artifact_group,20260521,legacy-sweep,data/webcam/threshold_delta_20_duty6_20260521.csv,,Sweep webcam heredado normalizado por enlaces a CSVs de metricas
threshold_delta_40_duty6_20260521,webcam,.,data/webcam/threshold_delta_40_duty6_20260521.csv,valid,artifact_group,20260521,legacy-sweep,data/webcam/threshold_delta_40_duty6_20260521.csv,,Sweep webcam heredado normalizado por enlaces a CSVs de metricas
webcam_flash_metrics_20260519_143350,webcam,.,data/webcam/webcam_flash_metrics_20260519_143350.csv,valid,standalone_csv,20260519_143350,flash-metrics,data/webcam/webcam_flash_metrics_20260519_143350.csv,,
webcam_flash_metrics_20260519_143409,webcam,.,data/webcam/webcam_flash_metrics_20260519_143409.csv,valid,standalone_csv,20260519_143409,flash-metrics,data/webcam/webcam_flash_metrics_20260519_143409.csv,,
webcam_flash_metrics_20260519_143552,webcam,.,data/webcam/webcam_flash_metrics_20260519_143552.csv,valid,standalone_csv,20260519_143552,flash-metrics,data/webcam/webcam_flash_metrics_20260519_143552.csv,,
webcam_flash_metrics_20260521_110256,webcam,.,data/webcam/webcam_flash_metrics_20260521_110256.csv,valid,standalone_csv,20260521_110256,flash-metrics,data/webcam/webcam_flash_metrics_20260521_110256.csv,,
webcam_flash_metrics_20260521_110344,webcam,.,data/webcam/webcam_flash_metrics_20260521_110344.csv,valid,standalone_csv,20260521_110344,flash-metrics,data/webcam/webcam_flash_metrics_20260521_110344.csv,,
webcam_flash_metrics_20260521_110557,webcam,.,data/webcam/webcam_flash_metrics_20260521_110557.csv,valid,standalone_csv,20260521_110557,flash-metrics,data/webcam/webcam_flash_metrics_20260521_110557.csv,,
webcam_flash_metrics_20260521_110729,webcam,.,data/webcam/webcam_flash_metrics_20260521_110729.csv,valid,standalone_csv,20260521_110729,flash-metrics,data/webcam/webcam_flash_metrics_20260521_110729.csv,,
webcam_flash_metrics_20260521_111641,webcam,.,data/webcam/webcam_flash_metrics_20260521_111641.csv,valid,standalone_csv,20260521_111641,flash-metrics,data/webcam/webcam_flash_metrics_20260521_111641.csv,,
webcam_flash_metrics_20260521_111816,webcam,.,data/webcam/webcam_flash_metrics_20260521_111816.csv,valid,standalone_csv,20260521_111816,flash-metrics,data/webcam/webcam_flash_metrics_20260521_111816.csv,,
webcam_flash_metrics_20260521_111857,webcam,.,data/webcam/webcam_flash_metrics_20260521_111857.csv,valid,standalone_csv,20260521_111857,flash-metrics,data/webcam/webcam_flash_metrics_20260521_111857.csv,,
webcam_flash_metrics_20260521_112211,webcam,.,data/webcam/webcam_flash_metrics_20260521_112211.csv,valid,standalone_csv,20260521_112211,flash-metrics,data/webcam/webcam_flash_metrics_20260521_112211.csv,,
webcam_flash_metrics_20260521_114151,webcam,.,data/webcam/webcam_flash_metrics_20260521_114151.csv,valid,standalone_csv,20260521_114151,flash-metrics,data/webcam/webcam_flash_metrics_20260521_114151.csv,,
webcam_flash_metrics_20260521_114216,webcam,.,data/webcam/webcam_flash_metrics_20260521_114216.csv,valid,standalone_csv,20260521_114216,flash-metrics,data/webcam/webcam_flash_metrics_20260521_114216.csv,,
webcam_flash_metrics_20260521_114227,webcam,.,data/webcam/webcam_flash_metrics_20260521_114227.csv,valid,standalone_csv,20260521_114227,flash-metrics,data/webcam/webcam_flash_metrics_20260521_114227.csv,,
webcam_flash_metrics_20260521_114238,webcam,.,data/webcam/webcam_flash_metrics_20260521_114238.csv,valid,standalone_csv,20260521_114238,flash-metrics,data/webcam/webcam_flash_metrics_20260521_114238.csv,,
webcam_flash_metrics_20260521_114248,webcam,.,data/webcam/webcam_flash_metrics_20260521_114248.csv,valid,standalone_csv,20260521_114248,flash-metrics,data/webcam/webcam_flash_metrics_20260521_114248.csv,,
webcam_flash_metrics_20260521_114258,webcam,.,data/webcam/webcam_flash_metrics_20260521_114258.csv,valid,standalone_csv,20260521_114258,flash-metrics,data/webcam/webcam_flash_metrics_20260521_114258.csv,,
webcam_flash_metrics_20260521_114309,webcam,.,data/webcam/webcam_flash_metrics_20260521_114309.csv,valid,standalone_csv,20260521_114309,flash-metrics,data/webcam/webcam_flash_metrics_20260521_114309.csv,,
webcam_flash_metrics_20260521_114319,webcam,.,data/webcam/webcam_flash_metrics_20260521_114319.csv,valid,standalone_csv,20260521_114319,flash-metrics,data/webcam/webcam_flash_metrics_20260521_114319.csv,,
webcam_flash_metrics_20260521_114330,webcam,.,data/webcam/webcam_flash_metrics_20260521_114330.csv,valid,standalone_csv,20260521_114330,flash-metrics,data/webcam/webcam_flash_metrics_20260521_114330.csv,,
webcam_flash_metrics_20260521_114340,webcam,.,data/webcam/webcam_flash_metrics_20260521_114340.csv,valid,standalone_csv,20260521_114340,flash-metrics,data/webcam/webcam_flash_metrics_20260521_114340.csv,,
webcam_flash_metrics_20260521_114351,webcam,.,data/webcam/webcam_flash_metrics_20260521_114351.csv,valid,standalone_csv,20260521_114351,flash-metrics,data/webcam/webcam_flash_metrics_20260521_114351.csv,,
webcam_flash_metrics_20260521_114401,webcam,.,data/webcam/webcam_flash_metrics_20260521_114401.csv,valid,standalone_csv,20260521_114401,flash-metrics,data/webcam/webcam_flash_metrics_20260521_114401.csv,,
webcam_flash_metrics_20260521_114412,webcam,.,data/webcam/webcam_flash_metrics_20260521_114412.csv,valid,standalone_csv,20260521_114412,flash-metrics,data/webcam/webcam_flash_metrics_20260521_114412.csv,,
webcam_flash_metrics_20260521_114422,webcam,.,data/webcam/webcam_flash_metrics_20260521_114422.csv,valid,standalone_csv,20260521_114422,flash-metrics,data/webcam/webcam_flash_metrics_20260521_114422.csv,,
webcam_flash_metrics_20260521_114433,webcam,.,data/webcam/webcam_flash_metrics_20260521_114433.csv,valid,standalone_csv,20260521_114433,flash-metrics,data/webcam/webcam_flash_metrics_20260521_114433.csv,,
webcam_flash_metrics_20260521_114453,webcam,.,data/webcam/webcam_flash_metrics_20260521_114453.csv,valid,standalone_csv,20260521_114453,flash-metrics,data/webcam/webcam_flash_metrics_20260521_114453.csv,,
webcam_flash_metrics_20260521_114504,webcam,.,data/webcam/webcam_flash_metrics_20260521_114504.csv,valid,standalone_csv,20260521_114504,flash-metrics,data/webcam/webcam_flash_metrics_20260521_114504.csv,,
webcam_flash_metrics_20260521_114514,webcam,.,data/webcam/webcam_flash_metrics_20260521_114514.csv,valid,standalone_csv,20260521_114514,flash-metrics,data/webcam/webcam_flash_metrics_20260521_114514.csv,,
webcam_flash_metrics_20260521_114525,webcam,.,data/webcam/webcam_flash_metrics_20260521_114525.csv,valid,standalone_csv,20260521_114525,flash-metrics,data/webcam/webcam_flash_metrics_20260521_114525.csv,,
webcam_flash_metrics_20260521_114535,webcam,.,data/webcam/webcam_flash_metrics_20260521_114535.csv,valid,standalone_csv,20260521_114535,flash-metrics,data/webcam/webcam_flash_metrics_20260521_114535.csv,,
webcam_flash_metrics_20260521_114546,webcam,.,data/webcam/webcam_flash_metrics_20260521_114546.csv,valid,standalone_csv,20260521_114546,flash-metrics,data/webcam/webcam_flash_metrics_20260521_114546.csv,,
webcam_flash_metrics_20260521_114556,webcam,.,data/webcam/webcam_flash_metrics_20260521_114556.csv,valid,standalone_csv,20260521_114556,flash-metrics,data/webcam/webcam_flash_metrics_20260521_114556.csv,,
webcam_flash_metrics_20260521_114607,webcam,.,data/webcam/webcam_flash_metrics_20260521_114607.csv,valid,standalone_csv,20260521_114607,flash-metrics,data/webcam/webcam_flash_metrics_20260521_114607.csv,,
webcam_flash_metrics_20260521_114617,webcam,.,data/webcam/webcam_flash_metrics_20260521_114617.csv,valid,standalone_csv,20260521_114617,flash-metrics,data/webcam/webcam_flash_metrics_20260521_114617.csv,,
webcam_flash_metrics_20260521_114628,webcam,.,data/webcam/webcam_flash_metrics_20260521_114628.csv,valid,standalone_csv,20260521_114628,flash-metrics,data/webcam/webcam_flash_metrics_20260521_114628.csv,,
webcam_flash_metrics_20260521_114638,webcam,.,data/webcam/webcam_flash_metrics_20260521_114638.csv,valid,standalone_csv,20260521_114638,flash-metrics,data/webcam/webcam_flash_metrics_20260521_114638.csv,,
webcam_flash_metrics_20260521_114649,webcam,.,data/webcam/webcam_flash_metrics_20260521_114649.csv,valid,standalone_csv,20260521_114649,flash-metrics,data/webcam/webcam_flash_metrics_20260521_114649.csv,,
webcam_flash_metrics_20260521_114659,webcam,.,data/webcam/webcam_flash_metrics_20260521_114659.csv,valid,standalone_csv,20260521_114659,flash-metrics,data/webcam/webcam_flash_metrics_20260521_114659.csv,,
webcam_flash_metrics_20260521_115322,webcam,.,data/webcam/webcam_flash_metrics_20260521_115322.csv,valid,standalone_csv,20260521_115322,flash-metrics,data/webcam/webcam_flash_metrics_20260521_115322.csv,,
webcam_flash_metrics_20260521_115333,webcam,.,data/webcam/webcam_flash_metrics_20260521_115333.csv,valid,standalone_csv,20260521_115333,flash-metrics,data/webcam/webcam_flash_metrics_20260521_115333.csv,,
webcam_flash_metrics_20260521_115343,webcam,.,data/webcam/webcam_flash_metrics_20260521_115343.csv,valid,standalone_csv,20260521_115343,flash-metrics,data/webcam/webcam_flash_metrics_20260521_115343.csv,,
webcam_flash_metrics_20260521_115354,webcam,.,data/webcam/webcam_flash_metrics_20260521_115354.csv,valid,standalone_csv,20260521_115354,flash-metrics,data/webcam/webcam_flash_metrics_20260521_115354.csv,,
webcam_flash_metrics_20260521_115404,webcam,.,data/webcam/webcam_flash_metrics_20260521_115404.csv,valid,standalone_csv,20260521_115404,flash-metrics,data/webcam/webcam_flash_metrics_20260521_115404.csv,,
webcam_flash_metrics_20260521_115415,webcam,.,data/webcam/webcam_flash_metrics_20260521_115415.csv,valid,standalone_csv,20260521_115415,flash-metrics,data/webcam/webcam_flash_metrics_20260521_115415.csv,,
webcam_flash_metrics_20260521_115425,webcam,.,data/webcam/webcam_flash_metrics_20260521_115425.csv,valid,standalone_csv,20260521_115425,flash-metrics,data/webcam/webcam_flash_metrics_20260521_115425.csv,,
webcam_flash_metrics_20260521_115436,webcam,.,data/webcam/webcam_flash_metrics_20260521_115436.csv,valid,standalone_csv,20260521_115436,flash-metrics,data/webcam/webcam_flash_metrics_20260521_115436.csv,,
webcam_flash_metrics_20260521_115446,webcam,.,data/webcam/webcam_flash_metrics_20260521_115446.csv,valid,standalone_csv,20260521_115446,flash-metrics,data/webcam/webcam_flash_metrics_20260521_115446.csv,,
webcam_flash_metrics_20260521_115457,webcam,.,data/webcam/webcam_flash_metrics_20260521_115457.csv,valid,standalone_csv,20260521_115457,flash-metrics,data/webcam/webcam_flash_metrics_20260521_115457.csv,,
webcam_flash_metrics_20260521_115507,webcam,.,data/webcam/webcam_flash_metrics_20260521_115507.csv,valid,standalone_csv,20260521_115507,flash-metrics,data/webcam/webcam_flash_metrics_20260521_115507.csv,,
webcam_flash_metrics_20260521_115518,webcam,.,data/webcam/webcam_flash_metrics_20260521_115518.csv,valid,standalone_csv,20260521_115518,flash-metrics,data/webcam/webcam_flash_metrics_20260521_115518.csv,,
webcam_flash_metrics_20260521_115528,webcam,.,data/webcam/webcam_flash_metrics_20260521_115528.csv,valid,standalone_csv,20260521_115528,flash-metrics,data/webcam/webcam_flash_metrics_20260521_115528.csv,,
webcam_flash_metrics_20260521_115539,webcam,.,data/webcam/webcam_flash_metrics_20260521_115539.csv,valid,standalone_csv,20260521_115539,flash-metrics,data/webcam/webcam_flash_metrics_20260521_115539.csv,,
webcam_flash_metrics_20260521_115855,webcam,.,data/webcam/webcam_flash_metrics_20260521_115855.csv,valid,standalone_csv,20260521_115855,flash-metrics,data/webcam/webcam_flash_metrics_20260521_115855.csv,,
webcam_flash_metrics_20260521_115919,webcam,.,data/webcam/webcam_flash_metrics_20260521_115919.csv,valid,standalone_csv,20260521_115919,flash-metrics,data/webcam/webcam_flash_metrics_20260521_115919.csv,,
webcam_flash_metrics_20260521_115929,webcam,.,data/webcam/webcam_flash_metrics_20260521_115929.csv,valid,standalone_csv,20260521_115929,flash-metrics,data/webcam/webcam_flash_metrics_20260521_115929.csv,,
webcam_flash_metrics_20260521_115940,webcam,.,data/webcam/webcam_flash_metrics_20260521_115940.csv,valid,standalone_csv,20260521_115940,flash-metrics,data/webcam/webcam_flash_metrics_20260521_115940.csv,,
webcam_flash_metrics_20260521_115950,webcam,.,data/webcam/webcam_flash_metrics_20260521_115950.csv,valid,standalone_csv,20260521_115950,flash-metrics,data/webcam/webcam_flash_metrics_20260521_115950.csv,,
webcam_flash_metrics_20260521_120001,webcam,.,data/webcam/webcam_flash_metrics_20260521_120001.csv,valid,standalone_csv,20260521_120001,flash-metrics,data/webcam/webcam_flash_metrics_20260521_120001.csv,,
webcam_flash_metrics_20260521_120011,webcam,.,data/webcam/webcam_flash_metrics_20260521_120011.csv,valid,standalone_csv,20260521_120011,flash-metrics,data/webcam/webcam_flash_metrics_20260521_120011.csv,,
webcam_flash_metrics_20260521_120022,webcam,.,data/webcam/webcam_flash_metrics_20260521_120022.csv,valid,standalone_csv,20260521_120022,flash-metrics,data/webcam/webcam_flash_metrics_20260521_120022.csv,,
webcam_flash_metrics_20260521_120032,webcam,.,data/webcam/webcam_flash_metrics_20260521_120032.csv,valid,standalone_csv,20260521_120032,flash-metrics,data/webcam/webcam_flash_metrics_20260521_120032.csv,,
webcam_flash_metrics_20260521_120043,webcam,.,data/webcam/webcam_flash_metrics_20260521_120043.csv,valid,standalone_csv,20260521_120043,flash-metrics,data/webcam/webcam_flash_metrics_20260521_120043.csv,,
webcam_flash_metrics_20260521_120053,webcam,.,data/webcam/webcam_flash_metrics_20260521_120053.csv,valid,standalone_csv,20260521_120053,flash-metrics,data/webcam/webcam_flash_metrics_20260521_120053.csv,,
webcam_flash_metrics_20260521_120112,webcam,.,data/webcam/webcam_flash_metrics_20260521_120112.csv,valid,standalone_csv,20260521_120112,flash-metrics,data/webcam/webcam_flash_metrics_20260521_120112.csv,,
webcam_flash_metrics_20260521_120123,webcam,.,data/webcam/webcam_flash_metrics_20260521_120123.csv,valid,standalone_csv,20260521_120123,flash-metrics,data/webcam/webcam_flash_metrics_20260521_120123.csv,,
webcam_flash_metrics_20260521_120134,webcam,.,data/webcam/webcam_flash_metrics_20260521_120134.csv,valid,standalone_csv,20260521_120134,flash-metrics,data/webcam/webcam_flash_metrics_20260521_120134.csv,,
webcam_flash_metrics_20260521_120144,webcam,.,data/webcam/webcam_flash_metrics_20260521_120144.csv,valid,standalone_csv,20260521_120144,flash-metrics,data/webcam/webcam_flash_metrics_20260521_120144.csv,,
webcam_flash_metrics_20260521_120155,webcam,.,data/webcam/webcam_flash_metrics_20260521_120155.csv,valid,standalone_csv,20260521_120155,flash-metrics,data/webcam/webcam_flash_metrics_20260521_120155.csv,,
webcam_flash_metrics_20260521_120205,webcam,.,data/webcam/webcam_flash_metrics_20260521_120205.csv,valid,standalone_csv,20260521_120205,flash-metrics,data/webcam/webcam_flash_metrics_20260521_120205.csv,,
webcam_flash_metrics_20260521_120216,webcam,.,data/webcam/webcam_flash_metrics_20260521_120216.csv,valid,standalone_csv,20260521_120216,flash-metrics,data/webcam/webcam_flash_metrics_20260521_120216.csv,,
webcam_flash_metrics_20260521_120226,webcam,.,data/webcam/webcam_flash_metrics_20260521_120226.csv,valid,standalone_csv,20260521_120226,flash-metrics,data/webcam/webcam_flash_metrics_20260521_120226.csv,,
webcam_flash_metrics_20260521_120237,webcam,.,data/webcam/webcam_flash_metrics_20260521_120237.csv,valid,standalone_csv,20260521_120237,flash-metrics,data/webcam/webcam_flash_metrics_20260521_120237.csv,,
webcam_flash_metrics_20260521_120247,webcam,.,data/webcam/webcam_flash_metrics_20260521_120247.csv,valid,standalone_csv,20260521_120247,flash-metrics,data/webcam/webcam_flash_metrics_20260521_120247.csv,,
webcam_flash_metrics_20260521_120258,webcam,.,data/webcam/webcam_flash_metrics_20260521_120258.csv,valid,standalone_csv,20260521_120258,flash-metrics,data/webcam/webcam_flash_metrics_20260521_120258.csv,,
webcam_flash_metrics_20260521_120308,webcam,.,data/webcam/webcam_flash_metrics_20260521_120308.csv,valid,standalone_csv,20260521_120308,flash-metrics,data/webcam/webcam_flash_metrics_20260521_120308.csv,,
webcam_flash_metrics_20260521_120319,webcam,.,data/webcam/webcam_flash_metrics_20260521_120319.csv,valid,standalone_csv,20260521_120319,flash-metrics,data/webcam/webcam_flash_metrics_20260521_120319.csv,,
webcam_flash_metrics_20260521_120329,webcam,.,data/webcam/webcam_flash_metrics_20260521_120329.csv,valid,standalone_csv,20260521_120329,flash-metrics,data/webcam/webcam_flash_metrics_20260521_120329.csv,,
webcam_flash_metrics_20260521_120350,webcam,.,data/webcam/webcam_flash_metrics_20260521_120350.csv,valid,standalone_csv,20260521_120350,flash-metrics,data/webcam/webcam_flash_metrics_20260521_120350.csv,,
webcam_flash_metrics_20260521_120408,webcam,.,data/webcam/webcam_flash_metrics_20260521_120408.csv,valid,standalone_csv,20260521_120408,flash-metrics,data/webcam/webcam_flash_metrics_20260521_120408.csv,,
